rs17321515_G,0,-0.546161188744
rs17321515_G,1,-0.0316969828742
rs17321515_G,2,1.11747539067
rs266729_C,0,0.921882985393
rs266729_C,1,-1.49966450328
rs266729_C,2,1.12544915621
rs266729_C,-1,-0.851630627253
rs1800775_C,0,-1.10601950088
rs1800775_C,1,0.658791494185
rs1800775_C,2,0.630334614227
rs1800775_C,-1,-0.695353495365
rs560887_A,0,0.0
rs560887_A,1,0.13409704688
rs560887_A,2,-0.245166392694
rs560887_A,-1,-0.491689171894
rs8035124_A,0,-0.546000273
rs8035124_A,1,0.124031672117
rs8035124_A,2,0.684657756661
rs2627037_A,0,-0.229694885141
rs2627037_A,1,0.180568118321
rs2627037_A,2,0.00360194932614
rs1760921_G,0,0.52057288362
rs1760921_G,1,-0.34913045471
rs1760921_G,2,-1.06946540092
rs1760921_G,-1,-0.491689171894
rs2293855_A,0,-0.49011163774
rs2293855_A,1,0.205566880255
rs2293855_A,2,0.618769092091
rs5443_A,0,-1.05273459095
rs5443_A,1,1.83004435874
rs5443_A,2,-1.4829218971
rs7554936_G,0,0.669691356885
rs7554936_G,1,-0.503980162304
rs7554936_G,2,-0.982529177065
rs7554936_G,-1,2.03380521102
rs2946788_C,0,0.171294375427
rs2946788_C,1,0.0283981709573
rs2946788_C,2,-0.626378539039
rs545854_C,0,-0.694365422012
rs545854_C,1,1.06363204696
rs545854_C,2,-0.600532564179
rs1800849_A,0,-0.73415339597
rs1800849_A,1,1.50787936534
rs1800849_A,2,-0.756226237232
rs11708067_G,0,0.102129129608
rs11708067_G,1,-0.402265369943
rs11708067_G,2,0.589996905158
rs10236187_A,0,-1.30702088781
rs10236187_A,1,-0.26032196717
rs10236187_A,2,1.65276839171
rs10236187_A,-1,1.09044070864
rs316873_A,0,0.893739498111
rs316873_A,1,-0.111658429413
rs316873_A,2,-0.978514988384
rs5215_G,0,0.368600752085
rs5215_G,1,-0.734779746043
rs5215_G,2,0.639195923463
rs11084753_A,0,0.154644806836
rs11084753_A,1,0.696802136035
rs11084753_A,2,-1.67538512197
rs7754840_C,0,0.345314303203
rs7754840_C,1,-0.740182774389
rs7754840_C,2,0.926561645826
rs7754840_C,-1,-0.491689171894
rs6451722_A,0,-0.11088340482
rs6451722_A,1,0.285303540263
rs6451722_A,2,-0.245166392694
rs13266634_A,0,-1.39308618491
rs13266634_A,1,1.05781130462
rs13266634_A,2,1.47560655006
rs4918842_A,0,0.371752337181
rs4918842_A,1,0.302611342506
rs4918842_A,2,-1.0662728426
rs4918842_A,-1,-0.491689171894
rs1800588_G,0,0.00872897424955
rs1800588_G,1,-0.0815544955812
rs1800588_G,2,-0.097541248857
rs1800588_G,-1,2.03380521102
rs2773080_A,0,-0.366379636329
rs2773080_A,1,0.480430164437
rs2773080_A,2,0.0734479774712
rs260690_A,0,0.736971626658
rs260690_A,1,-0.328037591108
rs260690_A,2,-0.648649304899
rs5219_A,0,0.368600752085
rs5219_A,1,-0.7053734195
rs5219_A,2,0.639195923463
rs5219_A,-1,-0.491689171894
rs731257_G,0,-0.479221582776
rs731257_G,1,0.435514328548
rs731257_G,2,-0.0389267444215
rs343473_A,0,0.0139145149295
rs343473_A,1,-0.0836490854533
rs343473_A,2,0.208595406258
rs591804_G,0,-0.596245315452
rs591804_G,1,0.756431023129
rs591804_G,2,-0.304631017931
rs2073821_A,0,1.13960692415
rs2073821_A,1,-0.915364293704
rs2073821_A,2,-0.0278104320042
rs11868035_G,0,0.335986774869
rs11868035_G,1,-0.199524415496
rs11868035_G,2,-0.150296957821
rs11868035_G,-1,-0.491689171894
rs7997709_A,0,-0.644460884351
rs7997709_A,1,-0.89971069202
rs7997709_A,2,1.99414859891
rs838880_G,0,0.605585564458
rs838880_G,1,0.192375366338
rs838880_G,2,-0.979510367194
rs12439433_G,0,0.62855278665
rs12439433_G,1,0.180568118321
rs12439433_G,2,-1.72370579011
rs12439433_G,-1,0.606464234559
rs7809589_C,0,0.641440330163
rs7809589_C,1,-0.335842514997
rs7809589_C,2,-0.247938319569
rs9845457_G,0,-1.20997606345
rs9845457_G,1,1.53153264138
rs9845457_G,2,0.320720165082
rs9845457_G,-1,-0.851630627253
rs2259816_A,0,0.5700822603
rs2259816_A,1,-0.313431885284
rs2259816_A,2,-0.413094324152
rs17300539_A,0,-1.26322551658
rs17300539_A,1,2.55582551668
rs17300539_A,2,-0.491689171894
rs11227699_A,0,0.41062222318
rs11227699_A,1,-0.244998302589
rs11227699_A,2,-0.0836490854533
rs614080_A,0,-0.343154292856
rs614080_A,1,0.658791494185
rs614080_A,2,-0.6822434408
rs4457053_G,0,0.767222427896
rs4457053_G,1,-0.358300886983
rs4457053_G,2,-0.676404826394
rs1800795_G,0,0.0640010285759
rs1800795_G,1,0.190483310416
rs1800795_G,2,-0.9742138236
rs7178572_A,0,1.0293257883
rs7178572_A,1,-0.027304269512
rs7178572_A,2,-1.5640961053
rs3792267_A,0,1.17462459264
rs3792267_A,1,-1.27713891563
rs3792267_A,2,0.0400618574785
rs2330442_A,0,0.0200494132933
rs2330442_A,1,-0.626979132131
rs2330442_A,2,0.72259568373
rs2330442_A,-1,2.03380521102
rs945508_A,0,-0.0111747539067
rs945508_A,1,0.157273563462
rs945508_A,2,-0.3475535818
rs17782313_G,0,0.47732583908
rs17782313_G,1,-1.0662728426
rs17782313_G,2,-0.173358818793
rs7501939_A,0,-1.14710896004
rs7501939_A,1,0.471844052834
rs7501939_A,2,1.5809834142
rs518417_A,0,0.211051554907
rs518417_A,1,-0.606650984674
rs316598_G,0,1.22329628257
rs316598_G,1,-0.89971069202
rs316598_G,2,-0.253988587226
rs6499640_A,0,0.438086020237
rs6499640_A,1,-0.764913666732
rs6499640_A,2,0.38884010783
rs10923931_A,0,0.115755688954
rs10923931_A,1,-0.246673069266
rs10923931_A,2,-0.491689171894
rs4929949_A,0,-1.55536906628
rs4929949_A,1,0.890048443083
rs4929949_A,2,0.37316663738
rs9530435_A,0,0.353998206942
rs9530435_A,1,-0.840415380828
rs9530435_A,2,0.608207035874
rs1837606_A,0,0.767222427896
rs1837606_A,1,-1.29402020942
rs1837606_A,2,1.05481946922
rs4430796_G,0,-0.949018413634
rs4430796_G,1,0.73006308802
rs4430796_G,2,0.402298900812
rs1562194_C,0,-1.34518928623
rs1562194_C,1,1.26395903591
rs1562194_C,2,-0.214654309407
rs3745367_A,0,-0.436403547303
rs3745367_A,1,0.55638854191
rs3745367_A,2,0.168796744614
rs1387153_A,0,-0.190016111465
rs1387153_A,1,0.332623087143
rs1387153_A,2,-0.152477794432
rs1387153_A,-1,-0.491689171894
rs11634397_A,0,0.213179920682
rs11634397_A,1,-0.077467036315
rs11634397_A,2,-0.136956580579
rs2972146_C,0,0.0848498554013
rs2972146_C,1,-0.62928653207
rs2972146_C,2,1.63966810316
rs1020605_A,0,0.0686560535805
rs1020605_A,1,-0.175487523191
rs7316821_A,0,-1.85372830366
rs7316821_A,1,1.11349550308
rs7316821_A,2,2.2506592682
rs780094_A,0,-0.0501802558145
rs780094_A,1,0.720799080762
rs780094_A,2,-1.2982221673
rs9370867_A,0,0.0466019452617
rs9370867_A,1,-0.406248573257
rs9370867_A,2,0.847329462469
rs2081687_A,0,-1.41757437804
rs2081687_A,1,2.77145566724
rs2081687_A,2,-1.07236440597
rs328_G,0,0.21298427121
rs328_G,1,-0.804324541272
rs328_G,2,0.606464234559
rs1884614_G,0,0.477429291036
rs1884614_G,1,-0.576995263439
rs1884614_G,2,0.285468102201
rs757705_A,0,0.338319713538
rs757705_A,1,-1.05108493196
rs757705_A,2,1.38833131511
rs13292136_A,0,-0.181867197807
rs13292136_A,1,0.483974054463
rs13292136_A,2,-1.25222412853
rs13292136_A,-1,2.03380521102
rs909253_G,0,0.789246146132
rs909253_G,1,-0.746331688334
rs909253_G,2,-0.0731774499314
rs7480010_G,0,-0.27256962221
rs7480010_G,1,0.174841158111
rs7480010_G,2,0.534538058262
rs12130799_G,0,-0.481089996439
rs12130799_G,1,0.611013853915
rs12130799_G,2,0.00698081342315
rs12130799_G,-1,-0.491689171894
rs6589564_G,0,-0.34454129283
rs6589564_G,1,0.775507248022
rs6589564_G,2,-0.704009496122
rs1799768_A,0,0.0999135526939
rs1799768_A,1,-0.350637734166
rs1799768_A,2,0.692517887881
rs13125646_A,0,0.441731458953
rs13125646_A,1,-0.0728128822945
rs13125646_A,2,-0.503301008827
rs2970847_A,0,0.269414046917
rs2970847_A,1,-0.474771853228
rs2970847_A,2,-0.851630627253
rs11605924_C,0,-1.07168530145
rs11605924_C,1,-0.350975046383
rs11605924_C,2,1.60485184692
rs3907047_G,0,-0.075180462281
rs3907047_G,1,-0.365196509082
rs3907047_G,2,0.672178105826
rs4781011_C,0,-1.14826257781
rs4781011_C,1,2.22477150784
rs4781011_C,2,-1.58742535885
rs4607103_A,0,0.192375366338
rs4607103_A,1,-0.69822241662
rs4607103_A,2,1.13356777198
rs2030763_G,0,-1.37473145887
rs2030763_G,1,0.498673393086
rs2030763_G,2,0.673490822783
rs2030763_G,-1,2.03380521102
rs340874_G,0,0.205566880255
rs340874_G,1,-0.2741486742
rs340874_G,2,0.178012779164
rs340874_G,-1,-0.491689171894
rs539343_G,0,-1.01718662402
rs539343_G,1,0.831546960691
rs539343_G,2,-0.00645174717616
rs4463276_G,0,-1.21351173155
rs4463276_G,1,0.944375890384
rs4463276_G,2,0.967762076423
rs6104567_A,0,-1.0090361436
rs6104567_A,1,0.749975153633
rs6104567_A,2,0.127215628693
rs6104567_A,-1,1.09044070864
rs1044498_C,0,-0.118829688587
rs1044498_C,1,0.130342709647
rs1044498_C,2,0.328527823795
rs1044498_C,-1,-0.491689171894
rs9287423_A,0,0.00569518194355
rs9287423_A,1,-0.417577637646
rs9287423_A,2,1.3560952544
rs3734398_A,0,-1.06313732977
rs3734398_A,1,-0.467009941966
rs3734398_A,2,4.4960022202
rs3923113_C,0,-0.466711064599
rs3923113_C,1,-0.0188554190119
rs3923113_C,2,2.2603701201
rs3943253_A,0,-0.050539726136
rs3943253_A,1,-1.10655083783
rs3943253_A,2,1.8262172587
rs659366_A,0,-0.220968166588
rs659366_A,1,-0.314864060389
rs659366_A,2,0.75210143309
rs10468017_A,0,-0.687862290312
rs10468017_A,1,1.30856335328
rs10468017_A,2,-0.189719314637
rs972283_A,0,1.23004859197
rs972283_A,1,-0.448387000506
rs972283_A,2,-1.12031540002
rs12629908_A,0,-0.0818449718299
rs12629908_A,1,-0.539090412117
rs12629908_A,2,0.843568927444
rs896854_A,0,0.739425822345
rs896854_A,1,0.174905473418
rs896854_A,2,-1.4829218971
rs7421394_G,0,1.00039779886
rs7421394_G,1,-1.59511580043
rs7421394_G,2,1.2897098797
rs887912_A,0,-0.214689033029
rs887912_A,1,0.484475736824
rs887912_A,2,-0.107818082423
rs2943650_G,0,0.0925194472102
rs2943650_G,1,-0.569157943911
rs2943650_G,2,1.63966810316
rs12779790_G,0,1.01542990475
rs12779790_G,1,-1.27288023289
rs12779790_G,2,-0.690915006021
rs16861329_A,0,-0.946745418472
rs16861329_A,1,1.0228420589
rs16861329_A,2,-0.166789435929
rs979752_A,0,-0.261162991456
rs979752_A,1,-0.297795006807
rs979752_A,2,2.08079265659
rs10141971_A,0,0.852259560066
rs10141971_A,1,-1.49056412935
rs10141971_A,2,0.422803044048
rs8042680_C,0,0.0141547428913
rs8042680_C,1,-0.17535767669
rs8042680_C,2,0.330681280616
rs2036402_G,0,-1.03649328846
rs2036402_G,1,0.890048443083
rs2036402_G,2,-0.109054431527
rs2036402_G,-1,0.0299850112406
rs10885122_A,0,-1.0123755984
rs10885122_A,1,1.01243869481
rs10885122_A,2,3.07377851928
rs7844723_A,0,0.254225706395
rs7844723_A,1,-1.02272000028
rs7844723_A,2,1.54198107242
rs11220462_A,0,0.691687428841
rs11220462_A,1,-0.857934050153
rs11220462_A,2,-1.55485768403
rs17302400_A,0,-0.00832916978906
rs17302400_A,1,-0.98523381576
rs17302400_A,2,1.7450180202
rs4880436_A,0,0.669691356885
rs4880436_A,1,-1.13267983638
rs4880436_A,2,0.761203939905
rs975351_A,0,-0.673160729428
rs975351_A,1,1.34888198177
rs975351_A,2,-1.31708116576
rs3752895_A,0,0.331026575141
rs3752895_A,1,-0.111658429413
rs3752895_A,2,-0.262057330373
MAT,0,0.0
rs2287019_A,0,-0.765306430032
rs2287019_A,1,1.88085803027
rs2287019_A,2,0.0299850112406
rs9809104_G,0,-0.848437733119
rs9809104_G,1,0.603893983771
rs9809104_G,2,0.732316353886
rs870347_C,0,-0.199908187601
rs870347_C,1,-0.566897572681
rs870347_C,2,0.945764118923
rs818386_A,0,0.291406913075
rs818386_A,1,-0.174914010764
rs818386_A,2,-0.0887836045139
rs1660861_G,0,0.546800703173
rs1660861_G,1,0.404120675611
rs1660861_G,2,-1.38278437378
rs738409_C,0,-1.31312874712
rs738409_C,1,0.129854759714
rs738409_C,2,1.64939367663
rs738409_C,-1,-0.491689171894
rs1040045_G,0,-0.417583360984
rs1040045_G,1,0.550657329074
rs1040045_G,2,0.558737695335
rs9939609_A,0,0.259677814672
rs9939609_A,1,-0.563895274061
rs9939609_A,2,0.502337431613
rs662799_G,0,-0.37459644688
rs662799_G,1,0.768594423355
rs662799_G,2,-0.600144282796
rs6665486_A,0,-1.22790825281
rs6665486_A,1,1.04297703129
rs6665486_A,2,0.732316353886
rs10146997_G,0,1.08695665747
rs10146997_G,1,-1.05450052725
rs10146997_G,2,-0.690915006021
rs10146997_G,-1,-0.491689171894
rs1408888_C,0,0.33204983037
rs1408888_C,1,-0.386797370694
rs1408888_C,2,0.182108881897
rs10510228_G,0,0.739425822345
rs10510228_G,1,-0.526521406343
rs10510228_G,2,-0.153676722311
rs10938397_G,0,-0.217331704913
rs10938397_G,1,0.273840824588
rs10938397_G,2,-0.0968429268558
rs10513300_G,0,0.961062827855
rs10513300_G,1,-0.908893671118
rs10513300_G,2,-0.013652134756
rs1325502_A,0,-0.394005638298
rs1325502_A,1,0.286417097198
rs1325502_A,2,1.41511233181
rs12255372_A,0,0.44770814536
rs12255372_A,1,-0.610825022206
rs12255372_A,2,-0.600144282796
rs6556352_A,0,1.91686887745
rs6556352_A,1,-1.25774823164
rs6556352_A,2,-0.676404826394
rs6556352_A,-1,-0.491689171894
rs2230806_A,0,-0.0229951136994
rs2230806_A,1,0.37076221317
rs2230806_A,2,-0.743836582177
rs10496971_C,0,-0.768955376466
rs10496971_C,1,-0.240746148378
rs10496971_C,2,1.54347897623
rs7756992_G,0,0.220343932414
rs7756992_G,1,-0.947648738764
rs7756992_G,2,1.48392562242
rs7756992_G,-1,-0.491689171894
rs708272_G,0,-1.20698667425
rs708272_G,1,0.0366561696773
rs708272_G,2,1.16528480924
rs2815752_G,0,-0.137166026459
rs2815752_G,1,0.583027773907
rs2815752_G,2,-1.09679701995
rs726344_A,0,-0.769635145146
rs726344_A,1,1.02122016988
rs726344_A,2,0.164624129532
rs328384_A,0,-1.35685612349
rs328384_A,1,0.789246146132
rs328384_A,2,1.08429751936
rs1296819_A,0,0.578255344159
rs1296819_A,1,-0.930925297862
rs1296819_A,2,0.684311126814
rs1552224_C,0,0.164752891226
rs1552224_C,1,-0.606650984674
rs1552224_C,2,0.606464234559
rs2605100_A,0,0.835130706802
rs2605100_A,1,-0.135587014068
rs2605100_A,2,-1.34797284664
rs2605100_A,-1,-0.491689171894
rs2191349_A,0,0.333233094861
rs2191349_A,1,-0.921917197302
rs2191349_A,2,0.982164448289
rs660339_A,0,-0.152910698153
rs660339_A,1,-0.292741687851
rs660339_A,2,0.595895177681
rs2131925_C,0,-0.490680577659
rs2131925_C,1,0.404714041781
rs2131925_C,2,0.0
rs6449213_G,0,-0.0840044134442
rs6449213_G,1,-0.235875882351
rs6449213_G,2,0.959898701718
rs12970134_A,0,0.103355916698
rs12970134_A,1,-0.103488542153
rs12970134_A,2,-0.346340117651
rs1424233_G,0,0.226381870407
rs1424233_G,1,-0.225481400565
rs1424233_G,2,-0.355887556319
rs1424233_G,-1,2.03380521102
rs713586_G,0,-1.4157263742
rs713586_G,1,1.25457716035
rs713586_G,2,0.497551532224
rs10512572_A,0,-0.121456558789
rs10512572_A,1,-0.0437645768053
rs10512572_A,2,0.196776444102
rs7745461_A,0,-0.391707308712
rs7745461_A,1,0.279760327107
rs7745461_A,2,0.0336412752058
rs9816226_T,0,-0.435870122877
rs9816226_T,1,0.28753424969
rs9816226_T,2,1.94197590002
rs4746136_G,0,-0.864880018541
rs4746136_G,1,0.622721498957
rs4746136_G,2,0.1883811252
rs7138803_A,0,0.277551280195
rs7138803_A,1,-0.409686355372
rs7138803_A,2,0.0734479774712
rs9546651_G,0,-0.0751544939168
rs9546651_G,1,-0.787244480769
rs9546651_G,2,1.11819605595
rs9546651_G,-1,0.606464234559
rs17150703_A,0,-1.70730610937
rs17150703_A,1,2.81284841143
rs17150703_A,2,-0.497809888727
rs1871428_G,0,-0.546564562131
rs1871428_G,1,0.278283916005
rs1871428_G,2,0.335802731004
rs647325_A,0,-0.586503913224
rs647325_A,1,0.995103064448
rs647325_A,2,-0.720837968444
rs8113143_C,0,-1.27302142358
rs8113143_C,1,0.652280053025
rs8113143_C,2,0.906396705765
rs4666200_G,0,0.00229301111963
rs4666200_G,1,-0.267730971167
rs4666200_G,2,0.684311126814
SEX,0,0.0
rs1801282_G,0,0.401682559236
rs1801282_G,1,-0.371442847329
rs1801282_G,2,-1.47506751568
rs2986742_G,0,0.259278567416
rs2986742_G,1,-0.203097196325
rs2986742_G,2,-0.869283289539
rs2986742_G,-1,-0.491689171894
rs11920090_A,0,-0.200308544128
rs11920090_A,1,0.237578526899
rs11920090_A,2,0.483881038212
rs964184_C,0,-1.3936253799
rs964184_C,1,1.66202633734
rs964184_C,2,-0.496655729186
rs6265_A,0,0.422543978335
rs6265_A,1,-0.386723634189
rs6265_A,2,-0.984447117437
rs1513181_G,0,0.122718455856
rs1513181_G,1,-0.465959491379
rs1513181_G,2,0.333047460463
rs1513181_G,-1,2.03380521102
rs7528419_G,0,-0.718647043878
rs7528419_G,1,1.39038814019
rs7528419_G,2,-1.06946540092
rs987237_G,0,-0.828918145759
rs987237_G,1,0.190069027956
rs987237_G,2,0.695239602806
rs2028299_C,0,-0.0873009067486
rs2028299_C,1,-0.0759620284763
rs2028299_C,2,0.841036656361
rs1027872_A,0,0.405423100198
rs1027872_A,1,-0.566890675942
rs1027872_A,2,0.234770731772
rs10889353_C,0,-0.883158449158
rs10889353_C,1,1.06443597872
rs10889353_C,2,-0.435678084072
rs2844479_C,0,0.650759482836
rs2844479_C,1,-0.644380760483
rs2844479_C,2,0.200940014178
rs4670767_A,0,0.71092548098
rs4670767_A,1,0.162485065275
rs4670767_A,2,-1.34491777028
rs4670767_A,-1,2.03380521102
rs3737576_G,0,-0.20025750607
rs3737576_G,1,0.307166067684
rs3737576_G,2,-0.189772066207
rs1514175_G,0,0.861111689055
rs1514175_G,1,0.0107428142331
rs1514175_G,2,-1.38459863297
rs7961581_G,0,-0.587803385932
rs7961581_G,1,0.242243512987
rs7961581_G,2,2.67102333093
rs2357442_A,0,0.772201553451
rs2357442_A,1,-0.817687448696
rs2357442_A,2,0.196776444102
rs7034200_C,0,1.26917653635
rs7034200_C,1,-0.958058050548
rs7034200_C,2,-0.0783759744873
rs4846914_G,0,0.102473404532
rs4846914_G,1,0.0999135526939
rs4846914_G,2,-0.475157053798
rs4846914_G,-1,2.03380521102
rs1333049_G,0,-0.650496833949
rs1333049_G,1,0.957133319351
rs1333049_G,2,-0.651893901905
rs10838738_G,0,0.368221282773
rs10838738_G,1,-0.0728128822945
rs10838738_G,2,-0.392264508987
rs10838738_G,-1,-0.491689171894
rs7903146_A,0,-0.0480270124995
rs7903146_A,1,0.133568683237
rs7903146_A,2,-0.0726359003935
rs7903146_A,-1,-0.491689171894
rs1800592_G,0,-0.417577637646
rs1800592_G,1,-0.199366475015
rs1800592_G,2,0.790359867219
rs13400937_C,0,-0.634394607355
rs13400937_C,1,-0.0232281046007
rs13400937_C,2,1.46159940411
rs2373067_G,0,1.06238304517
rs2373067_G,1,-1.78210074889
rs2373067_G,2,1.16105871861
rs9987289_A,0,1.11682404037
rs9987289_A,1,-0.793256552478
rs9987289_A,2,-0.8483565657
rs5768007_G,0,0.451712653898
rs5768007_G,1,-0.299485489534
rs5768007_G,2,-0.0547774666968
rs8192678_A,0,-0.166555899165
rs8192678_A,1,0.505139237073
rs8192678_A,2,-0.774440046402
rs29941_A,0,-0.616141855323
rs29941_A,1,1.22166639126
rs29941_A,2,-1.1878926345
rs29941_A,-1,1.09044070864
PAT,0,0.0
rs1799884_A,0,0.493872388596
rs1799884_A,1,-0.636912453826
rs1799884_A,2,0.0519355629343
rs1799884_A,-1,-0.491689171894
rs1805081_G,0,0.437091029473
rs1805081_G,1,-0.246733046425
rs1805081_G,2,-1.06601068135
rs1805081_G,-1,2.03380521102
rs1143634_A,0,0.641229785295
rs1143634_A,1,-1.0519437827
rs1143634_A,2,-1.20438758319
rs1519543_C,0,0.0497601869231
rs1519543_C,1,-0.240906027915
rs1519543_C,2,0.704015408665
rs1519543_C,-1,-0.491689171894
rs3810291_G,0,0.989057681955
rs3810291_G,1,0.0403584684624
rs3810291_G,2,-1.0463840467
rs3810291_G,-1,-0.491689171894
rs2054576_G,0,0.378072384523
rs2054576_G,1,-0.839966937173
rs2054576_G,2,0.973429635494
rs2068888_A,0,0.0237203654076
rs2068888_A,1,-0.983029978066
rs2068888_A,2,1.53159405385
rs7923837_G,0,-0.0873543776339
rs7923837_G,1,0.0999135526939
rs7923837_G,2,0.0
rs7923837_G,-1,-0.491689171894
rs7498665_G,0,-0.308675567415
rs7498665_G,1,0.316619935999
rs7498665_G,2,-0.103488542153
rs7498665_G,-1,-0.491689171894
rs10889337_A,0,-0.525593196601
rs10889337_A,1,0.435503098716
rs10889337_A,2,0.0
rs1369093_G,0,-0.686594364753
rs1369093_G,1,0.220343932414
rs1369093_G,2,0.464227475599
rs11652805_G,0,-0.366379636329
rs11652805_G,1,0.36805864263
rs11652805_G,2,0.385959417157
rs705308_C,0,-0.328905934431
rs705308_C,1,0.861784533196
rs705308_C,2,-1.02126208904
rs3745099_G,0,0.339975910276
rs3745099_G,1,-0.168946398854
rs3745099_G,2,-0.343445230014
rs11206510_G,0,-0.273614566475
rs11206510_G,1,0.715902266635
rs11206510_G,2,0.0299850112406
rs2702414_A,0,-2.02261148902
rs2702414_A,1,1.12332064071
rs2702414_A,2,0.673490822783
rs32314_A,0,-0.452616079206
rs32314_A,1,-0.472319598456
rs32314_A,2,1.76438962612
rs688_A,0,-1.20438872257
rs688_A,1,0.585886289584
rs688_A,2,0.639195923463
rs4712652_G,0,0.279760327107
rs4712652_G,1,-0.607357555426
rs4712652_G,2,0.363418278555
rs4712652_G,-1,2.03380521102
rs9522149_G,0,-0.243523043166
rs9522149_G,1,0.685152157657
rs9522149_G,2,-0.8483565657
rs1111875_A,0,-1.2809089325
rs1111875_A,1,0.141012596273
rs1111875_A,2,1.68323755381
rs2271293_A,0,0.23011231595
rs2271293_A,1,-0.898773515511
rs2271293_A,2,1.63966810316
rs4810479_A,0,1.00038842495
rs4810479_A,1,-0.181573392255
rs4810479_A,2,-1.20383678263
rs4908343_G,0,0.121326016254
rs4908343_G,1,0.0237203654076
rs4908343_G,2,-0.302964557039
rs4908343_G,-1,-0.695353495365
rs6699816_G,0,0.494838598321
rs6699816_G,1,-1.19284623875
rs6699816_G,2,1.18940544588
rs6235_C,0,-0.785588230465
rs6235_C,1,1.29645994184
rs6235_C,2,-0.59987868047
rs1342387_G,0,-0.671428793868
rs1342387_G,1,0.0439975753116
rs1342387_G,2,0.762370624829
rs1555543_A,0,-0.160366141876
rs1555543_A,1,0.146369807112
rs1555543_A,2,-0.0441571893529
rs13342232_G,0,0.435692915761
rs13342232_G,1,0.435692915761
rs13342232_G,2,-1.6520066424
rs1470579_C,0,-0.180132199705
rs1470579_C,1,0.477429291036
rs1470579_C,2,-0.690915006021
rs12654264_A,0,-0.468147057396
rs12654264_A,1,0.800442957838
rs12654264_A,2,-0.693435275172
rs7957197_A,0,0.0577307316374
rs7957197_A,1,-0.0876545943351
rs7957197_A,2,-0.173358818793
rs7803075_G,0,-0.566589127195
rs7803075_G,1,0.466695934917
rs7803075_G,2,0.168760168825
rs734873_A,0,-0.00912414835752
rs734873_A,1,0.497432057244
rs734873_A,2,-0.875784255498
rs9319336_A,0,-0.93654347676
rs9319336_A,1,-0.00557649597524
rs9319336_A,2,1.04483949028
rs9319336_A,-1,-0.491689171894
rs12137855_A,0,-0.237578526899
rs12137855_A,1,0.672178105826
rs12137855_A,2,-0.851630627253
rs12137855_A,-1,-0.491689171894
rs36633_G,0,1.23763972573
rs36633_G,1,-0.0764824954786
rs36633_G,2,-1.83642716832
rs36633_G,-1,-0.491689171894
rs1529729_A,0,-0.616141855323
rs1529729_A,1,-0.49011163774
rs1529729_A,2,1.61618667523
rs564398_G,0,-0.554339221716
rs564398_G,1,0.798995462508
rs564398_G,2,0.422803044048
rs3846662_G,0,-0.454382588205
rs3846662_G,1,1.11255904836
rs3846662_G,2,-1.23637428743
rs4821004_A,0,0.296174589072
rs4821004_A,1,-1.00922961636
rs4821004_A,2,1.25524851761
rs2306040_G,0,0.292301186698
rs2306040_G,1,0.803720461072
rs2306040_G,2,-1.58271894985
rs6548238_A,0,-0.115001246725
rs6548238_A,1,0.137408583724
rs6548238_A,2,1.09044070864
rs6548238_A,-1,-0.491689171894
rs13078807_G,0,0.47732583908
rs13078807_G,1,-1.19975736094
rs13078807_G,2,0.208595406258
rs10195252_G,0,-0.460228620176
rs10195252_G,1,0.288956954775
rs10195252_G,2,1.19982550901
rs10195252_G,-1,-0.491689171894
rs1169288_C,0,0.661177993883
rs1169288_C,1,-0.366152352659
rs1169288_C,2,-0.491514989033
rs1169288_C,-1,-0.491689171894
rs2416791_A,0,-0.0693562821437
rs2416791_A,1,-0.0316969828742
rs2416791_A,2,0.140642169282
rs6065906_G,0,0.0883821445347
rs6065906_G,1,0.002546962794
rs6065906_G,2,-0.983378343789
rs1800591_A,0,0.690931811746
rs1800591_A,1,-1.34923691156
rs1800591_A,2,0.0424052095644
rs8135828_A,0,-0.726238999593
rs8135828_A,1,1.7446578945
rs8135828_A,2,-1.90430397426
rs1169300_A,0,0.500158353131
rs1169300_A,1,-0.138247465589
rs1169300_A,2,-0.630728625727
rs1169300_A,-1,-0.491689171894
rs1040404_G,0,-0.558635880471
rs1040404_G,1,0.333876974682
rs1040404_G,2,0.589996905158
rs1040404_G,-1,-0.491689171894
rs10778660_A,0,0.562335469621
rs10778660_A,1,-0.344276444315
rs10778660_A,2,-0.405205335838
rs1862513_G,0,-1.02581672141
rs1862513_G,1,1.68044822963
rs1862513_G,2,0.558737695335
rs6511720_A,0,0.0519221232956
rs6511720_A,1,-0.283294563598
rs6511720_A,2,0.606464234559
rs7647305_A,0,-0.00220483984224
rs7647305_A,1,-0.278913208351
rs7647305_A,2,0.890263187248
rs7647305_A,-1,-0.491689171894
rs1802295_A,0,-0.507977174453
rs1802295_A,1,1.40227905733
rs1802295_A,2,-1.77091234569
rs1695_A,0,-1.63426450081
rs1695_A,1,1.52247342109
rs1695_A,2,-0.483349974185
rs75493593_A,0,0.435503098716
rs75493593_A,1,0.535057057117
rs75493593_A,2,-1.90007666898
rs75493593_A,-1,-0.491689171894
rs2504853_G,0,0.605585564458
rs2504853_G,1,-1.3882841808
rs2504853_G,2,1.11819605595
rs2504853_G,-1,2.03380521102
rs1893590_C,0,0.298252449675
rs1893590_C,1,-0.781508577405
rs1893590_C,2,0.853107871428
rs2237895_A,0,0.590526585957
rs2237895_A,1,-0.323126352264
rs2237895_A,2,-0.247938319569
rs2237895_A,-1,1.09044070864
rs2290159_C,0,-1.00825139105
rs2290159_C,1,1.81388069348
rs2290159_C,2,-0.633236054713
rs798443_G,0,-1.01431708437
rs798443_G,1,1.69432119102
rs798443_G,2,-1.1762670618
rs2125345_G,0,0.495237210581
rs2125345_G,1,-0.746820236611
rs2125345_G,2,0.378676405215
rs925946_A,0,0.233975335602
rs925946_A,1,-0.137944157024
rs925946_A,2,-0.59987868047
rs10839880_G,0,-0.135587014068
rs10839880_G,1,-0.924610942089
rs10839880_G,2,1.7805263745
rs10839880_G,-1,2.03380521102
rs3856806_A,0,0.0955565045138
rs3856806_A,1,-0.109054431527
rs3856806_A,2,-0.346340117651
rs2228314_C,0,-0.615114177047
rs2228314_C,1,0.0243875805099
rs2228314_C,2,1.047859572
rs2228314_C,-1,1.09044070864
rs4944217_A,0,-0.178520779723
rs4944217_A,1,0.580532836094
rs4944217_A,2,-0.774440046402
rs4944217_A,-1,-0.491689171894
rs12544346_A,0,0.205065618336
rs12544346_A,1,0.465812837908
rs12544346_A,2,-0.852697165713
rs12544346_A,-1,-0.491689171894
rs948028_C,0,-0.0550507298999
rs948028_C,1,0.435851364789
rs948028_C,2,-0.648649304899
rs1801133_G,0,-0.962232007415
rs1801133_G,1,0.259386503307
rs1801133_G,2,0.648275551307
rs1471939_A,0,-0.174393308037
rs1471939_A,1,-0.439921137619
rs1471939_A,2,1.12544915621
rs1471939_A,-1,-0.491689171894
rs3764261_A,0,0.966961951485
rs3764261_A,1,-0.431655917443
rs3764261_A,2,-0.939266871212
rs439401_G,0,0.603893983771
rs439401_G,1,0.74694629208
rs439401_G,2,-2.46817363487
rs772262_A,0,-0.25161813987
rs772262_A,1,0.886136406242
rs772262_A,2,-1.20383678263
rs12130333_A,0,-0.59756696647
rs12130333_A,1,0.855463584899
rs12130333_A,2,-0.286523440744
rs757110_C,0,0.228800271659
rs757110_C,1,-0.635720541178
rs757110_C,2,0.69183269555
rs646776_G,0,-0.727117047903
rs646776_G,1,1.33622596377
rs646776_G,2,-0.984447117437
rs10010131_A,0,-1.42468729989
rs10010131_A,1,1.8572554732
rs10010131_A,2,-0.102722675452
rs6422347_G,0,-0.604223152988
rs6422347_G,1,0.725587562303
rs6422347_G,2,1.5627541894
rs3784230_G,0,-0.0300370234415
rs3784230_G,1,-0.793067179683
rs3784230_G,2,1.24954066411
rs1042713_A,0,0.783455422292
rs1042713_A,1,-0.712545143346
rs1042713_A,2,0.101588671879
rs874299_G,0,-0.93654347676
rs874299_G,1,0.228359042185
rs874299_G,2,0.812466097816
rs874299_G,-1,-0.491689171894
rs2112347_C,0,0.0408217918237
rs2112347_C,1,1.13701487005
rs2112347_C,2,-2.05483375503
rs2112347_C,-1,-0.491689171894
rs4402960_A,0,-0.0634318587831
rs4402960_A,1,0.219134467548
rs4402960_A,2,-0.405058970196
rs243021_G,0,1.06246993455
rs243021_G,1,-0.328694860527
rs243021_G,2,-0.876100706285
rs243021_G,-1,-0.491689171894
rs1137100_G,0,-0.510369228626
rs1137100_G,1,0.86454723398
rs1137100_G,2,-0.642114400541
rs16928751_A,0,-0.101143104326
rs16928751_A,1,-0.241088561502
rs16928751_A,2,2.87623491265
rs174550_A,0,0.117928560943
rs174550_A,1,0.0580556742652
rs174550_A,2,-0.423801399734
rs7557067_G,0,0.0366934599112
rs7557067_G,1,0.0243875805099
rs7557067_G,2,-0.163150601358
rs3118378_A,0,0.172481046982
rs3118378_A,1,0.0619198310552
rs3118378_A,2,-0.555544908504
rs2354124_G,0,-0.625101500679
rs2354124_G,1,0.221093497409
rs2354124_G,2,1.16629745359
rs429358_G,0,0.617500841459
rs429358_G,1,-0.920677686328
rs429358_G,2,-1.09945041216
rs429358_G,-1,-0.851630627253
rs7944584_T,0,0.330237577153
rs7944584_T,1,-0.669450105459
rs7944584_T,2,0.0424052095644
rs1408801_A,0,0.335256100796
rs1408801_A,1,-0.426879109615
rs1408801_A,2,0.234071136035
rs1408801_A,-1,-0.491689171894
rs1800629_A,0,-0.0358034416
rs1800629_A,1,-0.367072813665
rs1800629_A,2,2.06455909637
rs4994_G,0,0.249074209901
rs4994_G,1,-0.548034454665
rs4994_G,2,0.739140494986
rs4994_G,-1,-0.695353495365
rs3812316_C,0,0.301345633466
rs3812316_C,1,-1.70511242477
rs3812316_C,2,3.52265395818
rs2241766_C,0,0.575624516095
rs2241766_C,1,-0.930697361086
rs2241766_C,2,0.572147400023
rs2241766_C,-1,-0.491689171894
rs11724758_A,0,1.98147715465
rs11724758_A,1,-2.02414200321
rs11724758_A,2,0.176016125827
rs693_A,0,-0.279394359639
rs693_A,1,0.143668077555
rs693_A,2,0.186281711521
rs2167270_A,0,-0.331956545896
rs2167270_A,1,-0.371792169957
rs2167270_A,2,0.957884693914
rs2167270_A,-1,-0.491689171894
rs1260326_A,0,0.435692915761
rs1260326_A,1,0.307166067684
rs1260326_A,2,-1.39707793078
rs35767_A,0,1.11126719405
rs35767_A,1,-0.947652026861
rs35767_A,2,-1.33007359537
rs35767_A,-1,0.328527823795
rs2016520_G,0,-0.0784629546461
rs2016520_G,1,0.158665765604
rs2016520_G,2,-0.0726359003935
rs174537_C,0,0.0895810366267
rs174537_C,1,0.0918817825436
rs174537_C,2,-0.423801399734
rs734312_G,0,-1.81989367465
rs734312_G,1,1.6715807476
rs734312_G,2,0.378676405215
rs662_A,0,-0.599945150379
rs662_A,1,1.17462459264
rs662_A,2,-1.01941883125
rs1801253_C,0,0.129940463008
rs1801253_C,1,0.194683369897
rs1801253_C,2,-1.30088727118
rs1801253_C,-1,-0.497809888727
rs918703_G,0,-1.10917996684
rs918703_G,1,1.337357322
rs918703_G,2,0.252885745575
rs10913469_G,0,-0.660451793691
rs10913469_G,1,0.99430328399
rs10913469_G,2,-0.152477794432
rs10913469_G,-1,-0.491689171894
rs206936_A,0,0.0189111219959
rs206936_A,1,-0.903432761024
rs206936_A,2,1.45164311464
rs1501299_A,0,-0.826967320141
rs1501299_A,1,1.2769528675
rs1501299_A,2,-0.626378539039
rs6548616_G,0,0.546308382907
rs6548616_G,1,-0.903932244432
rs6548616_G,2,0.0734479774712
rs3740878_A,0,-0.0984752422375
rs3740878_A,1,-0.138247465589
rs3740878_A,2,0.33201595292
rs5925_A,0,0.177393718797
rs5925_A,1,0.859015281608
rs5925_A,2,-1.58462708895
rs12525751_A,0,-0.429854888044
rs12525751_A,1,1.26179534738
rs12525751_A,2,-1.39070699073
rs2241423_G,0,0.838853723669
rs2241423_G,1,-1.23026472853
rs2241423_G,2,0.686774699631
rs3135506_G,0,-0.645482630176
rs3135506_G,1,1.38406501904
rs3135506_G,2,-0.771937090538
rs3135506_G,-1,-0.491689171894
rs757210_A,0,-1.43950347481
rs757210_A,1,1.20318799171
rs757210_A,2,0.707819129899
rs757210_A,-1,2.03380521102
rs174546_G,0,0.146369807112
rs174546_G,1,0.0243875805099
rs174546_G,2,-0.423801399734
rs12310367_G,0,-0.668711034135
rs12310367_G,1,0.798920110411
rs12310367_G,2,0.164815085651
rs2237892_A,0,-0.111658429413
rs2237892_A,1,0.0485471610563
rs2237892_A,2,0.165096438711
rs10865710_G,0,0.21116960605
rs10865710_G,1,-0.0572322887368
rs10865710_G,2,-0.153676722311
rs2241883_G,0,0.966996462879
rs2241883_G,1,-0.507868146709
rs2241883_G,2,-1.10061522047
rs10108270_A,0,0.961514386951
rs10108270_A,1,-1.91937451821
rs10108270_A,2,0.483881038212
rs10007810_A,0,0.249074209901
rs10007810_A,1,0.0810038282921
rs10007810_A,2,-1.22935221761
rs1950993_C,0,1.32549060376
rs1950993_C,1,-1.85719359467
rs1950993_C,2,1.25085475159
rs7238445_A,0,-0.205783298975
rs7238445_A,1,0.49938370223
rs7238445_A,2,-0.574966156035
rs7106340_A,0,0.595386297872
rs7106340_A,1,-1.11015446232
rs7106340_A,2,0.185167873644
rs7164773_G,0,-0.696476657958
rs7164773_G,1,0.314227316317
rs7164773_G,2,0.589996905158
rs7566605_C,0,-0.364989404024
rs7566605_C,1,-0.664561568894
rs7566605_C,2,2.29498512577
rs7566605_C,-1,2.03380521102
rs1153188_A,0,-0.719127324464
rs1153188_A,1,1.2793604796
rs1153188_A,2,0.208595406258
rs864745_G,0,-0.487128783362
rs864745_G,1,-0.168946398854
rs864745_G,2,1.33348754178
rs2297508_G,0,0.53044099762
rs2297508_G,1,-0.335607370247
rs2297508_G,2,-0.343445230014
rs2297508_G,-1,-0.491689171894
rs1042714_C,0,-0.834266401183
rs1042714_C,1,1.11819605595
rs1042714_C,2,1.21292846912
rs2328848_G,0,-1.03631374981
rs2328848_G,1,-0.0682452309979
rs2328848_G,2,0.922955762565
rs2328848_G,-1,2.06455909637
rs867559_A,0,0.590526585957
rs867559_A,1,0.0832792737955
rs867559_A,2,-0.713633105505
rs1407434_G,0,0.67195675103
rs1407434_G,1,-0.770377516859
rs1407434_G,2,0.246173842237
rs8050136_A,0,0.364217763794
rs8050136_A,1,-0.722482522415
rs8050136_A,2,0.502337431613
rs16835198_A,0,0.292301186698
rs16835198_A,1,1.03182701711
rs16835198_A,2,-1.80443999242
rs11071657_A,0,-0.847602799467
rs11071657_A,1,0.838853723669
rs11071657_A,2,-0.192176528696
rs10830963_G,0,-0.306492097578
rs10830963_G,1,0.332623087143
rs10830963_G,2,0.16600797646
rs4717865_A,0,-0.403883525602
rs4717865_A,1,-0.952919005968
rs4717865_A,2,2.25689948682
rs385194_G,0,0.562335469621
rs385194_G,1,-0.328037591108
rs385194_G,2,-0.488822557975
rs2954029_T,0,-0.243232706119
rs2954029_T,1,-0.410273059935
rs2954029_T,2,1.33348754178
rs1137101_G,0,-1.17116421221
rs1137101_G,1,0.588404379956
rs1137101_G,2,0.57275677914
rs13342692_G,0,0.435692915761
rs13342692_G,1,0.403657615026
rs13342692_G,2,-1.60448334664
rs2943641_A,0,0.276448144185
rs2943641_A,1,-0.954608393193
rs2943641_A,2,1.63966810316
rs17163103_G,0,0.290090247172
rs17163103_G,1,-0.792276773731
rs17163103_G,2,1.03532540273
rs17145738_A,0,0.368080212527
rs17145738_A,1,-1.5767202479
rs17145738_A,2,2.87623491265
rs214678_G,0,-0.616141855323
rs214678_G,1,0.921882985393
rs214678_G,2,-0.511607372943
rs4299376_C,0,-0.166260549126
rs4299376_C,1,0.680219784467
rs4299376_C,2,-1.47506751568
rs4984913_A,0,-0.736184747374
rs4984913_A,1,0.0631542901617
rs4984913_A,2,0.945654431256
rs860674_A,0,0.578255344159
rs860674_A,1,-0.696476657958
rs860674_A,2,-0.0306816936622
rs2144908_G,0,0.766999348539
rs2144908_G,1,-0.8271428396
rs2144908_G,2,0.285468102201
rs4607517_A,0,0.574549884244
rs4607517_A,1,-0.930697361086
rs4607517_A,2,0.558737695335
rs4891825_G,0,0.349234202739
rs4891825_G,1,-0.373492793464
rs4891825_G,2,-0.869283289539
