rs17321515_G,0,-0.546161188744,238,110,43
rs17321515_G,1,-0.0316969828742,263,110,51
rs17321515_G,2,1.11747539067,64,110,16
rs266729_C,0,0.921882985393,243,110,53
rs266729_C,1,-1.49966450328,237,110,37
rs266729_C,2,1.12544915621,82,110,20
rs266729_C,-1,-0.851630627253,3,110,0
rs1800775_C,0,-1.10601950088,207,110,34
rs1800775_C,1,0.658791494185,251,110,53
rs1800775_C,2,0.630334614227,105,110,23
rs1800775_C,-1,-0.695353495365,2,110,0
rs560887_A,0,0.0,452,110,88
rs560887_A,1,0.13409704688,100,110,20
rs560887_A,2,-0.245166392694,12,110,2
rs560887_A,-1,-0.491689171894,1,110,0
rs8035124_A,0,-0.546000273,222,110,40
rs8035124_A,1,0.124031672117,263,110,52
rs8035124_A,2,0.684657756661,80,110,18
rs2627037_A,0,-0.229694885141,160,110,30
rs2627037_A,1,0.180568118321,251,110,50
rs2627037_A,2,0.00360194932614,154,110,30
rs1760921_G,0,0.52057288362,365,110,75
rs1760921_G,1,-0.34913045471,179,110,33
rs1760921_G,2,-1.06946540092,20,110,2
rs1760921_G,-1,-0.491689171894,1,110,0
rs2293855_A,0,-0.49011163774,268,110,49
rs2293855_A,1,0.205566880255,235,110,47
rs2293855_A,2,0.618769092091,62,110,14
rs5443_A,0,-1.05273459095,233,110,39
rs5443_A,1,1.83004435874,254,110,61
rs5443_A,2,-1.4829218971,78,110,10
rs7554936_G,0,0.669691356885,300,110,63
rs7554936_G,1,-0.503980162304,226,110,41
rs7554936_G,2,-0.982529177065,38,110,5
rs7554936_G,-1,2.03380521102,1,110,1
rs2946788_C,0,0.171294375427,353,110,70
rs2946788_C,1,0.0283981709573,179,110,35
rs2946788_C,2,-0.626378539039,33,110,5
rs545854_C,0,-0.694365422012,259,110,46
rs545854_C,1,1.06363204696,234,110,52
rs545854_C,2,-0.600532564179,72,110,12
rs1800849_A,0,-0.73415339597,421,110,76
rs1800849_A,1,1.50787936534,134,110,33
rs1800849_A,2,-0.756226237232,10,110,1
rs11708067_G,0,0.102129129608,228,110,45
rs11708067_G,1,-0.402265369943,265,110,49
rs11708067_G,2,0.589996905158,72,110,16
rs10236187_A,0,-1.30702088781,168,110,26
rs10236187_A,1,-0.26032196717,255,110,48
rs10236187_A,2,1.65276839171,140,110,35
rs10236187_A,-1,1.09044070864,2,110,1
rs316873_A,0,0.893739498111,181,110,40
rs316873_A,1,-0.111658429413,276,110,53
rs316873_A,2,-0.978514988384,108,110,17
rs5215_G,0,0.368600752085,210,110,43
rs5215_G,1,-0.734779746043,255,110,45
rs5215_G,2,0.639195923463,100,110,22
rs11084753_A,0,0.154644806836,262,110,52
rs11084753_A,1,0.696802136035,240,110,51
rs11084753_A,2,-1.67538512197,63,110,7
rs7754840_C,0,0.345314303203,281,110,57
rs7754840_C,1,-0.740182774389,239,110,42
rs7754840_C,2,0.926561645826,44,110,11
rs7754840_C,-1,-0.491689171894,1,110,0
rs6451722_A,0,-0.11088340482,431,110,83
rs6451722_A,1,0.285303540263,122,110,25
rs6451722_A,2,-0.245166392694,12,110,2
rs13266634_A,0,-1.39308618491,312,110,51
rs13266634_A,1,1.05781130462,215,110,48
rs13266634_A,2,1.47560655006,38,110,11
rs4918842_A,0,0.371752337181,250,110,51
rs4918842_A,1,0.302611342506,227,110,46
rs4918842_A,2,-1.0662728426,87,110,13
rs4918842_A,-1,-0.491689171894,1,110,0
rs1800588_G,0,0.00872897424955,236,110,46
rs1800588_G,1,-0.0815544955812,244,110,47
rs1800588_G,2,-0.097541248857,84,110,16
rs1800588_G,-1,2.03380521102,1,110,1
rs2773080_A,0,-0.366379636329,353,110,66
rs2773080_A,1,0.480430164437,182,110,38
rs2773080_A,2,0.0734479774712,30,110,6
rs260690_A,0,0.736971626658,229,110,49
rs260690_A,1,-0.328037591108,252,110,47
rs260690_A,2,-0.648649304899,84,110,14
rs5219_A,0,0.368600752085,210,110,43
rs5219_A,1,-0.7053734195,254,110,45
rs5219_A,2,0.639195923463,100,110,22
rs5219_A,-1,-0.491689171894,1,110,0
rs731257_G,0,-0.479221582776,188,110,34
rs731257_G,1,0.435514328548,258,110,53
rs731257_G,2,-0.0389267444215,119,110,23
rs343473_A,0,0.0139145149295,436,110,85
rs343473_A,1,-0.0836490854533,120,110,23
rs343473_A,2,0.208595406258,9,110,2
rs591804_G,0,-0.596245315452,261,110,47
rs591804_G,1,0.756431023129,248,110,53
rs591804_G,2,-0.304631017931,56,110,10
rs2073821_A,0,1.13960692415,189,110,43
rs2073821_A,1,-0.915364293704,283,110,49
rs2073821_A,2,-0.0278104320042,93,110,18
rs11868035_G,0,0.335986774869,226,110,46
rs11868035_G,1,-0.199524415496,253,110,48
rs11868035_G,2,-0.150296957821,85,110,16
rs11868035_G,-1,-0.491689171894,1,110,0
rs7997709_A,0,-0.644460884351,155,110,27
rs7997709_A,1,-0.89971069202,277,110,48
rs7997709_A,2,1.99414859891,133,110,35
rs838880_G,0,0.605585564458,164,110,35
rs838880_G,1,0.192375366338,276,110,55
rs838880_G,2,-0.979510367194,125,110,20
rs12439433_G,0,0.62855278665,247,110,52
rs12439433_G,1,0.180568118321,251,110,50
rs12439433_G,2,-1.72370579011,64,110,7
rs12439433_G,-1,0.606464234559,3,110,1
rs7809589_C,0,0.641440330163,168,110,36
rs7809589_C,1,-0.335842514997,268,110,50
rs7809589_C,2,-0.247938319569,129,110,24
rs9845457_G,0,-1.20997606345,327,110,55
rs9845457_G,1,1.53153264138,193,110,46
rs9845457_G,2,0.320720165082,42,110,9
rs9845457_G,-1,-0.851630627253,3,110,0
rs2259816_A,0,0.5700822603,229,110,48
rs2259816_A,1,-0.313431885284,262,110,49
rs2259816_A,2,-0.413094324152,74,110,13
rs17300539_A,0,-1.26322551658,450,110,77
rs17300539_A,1,2.55582551668,114,110,33
rs17300539_A,2,-0.491689171894,1,110,0
rs11227699_A,0,0.41062222318,154,110,32
rs11227699_A,1,-0.244998302589,291,110,55
rs11227699_A,2,-0.0836490854533,120,110,23
rs614080_A,0,-0.343154292856,263,110,49
rs614080_A,1,0.658791494185,251,110,53
rs614080_A,2,-0.6822434408,51,110,8
rs4457053_G,0,0.767222427896,233,110,50
rs4457053_G,1,-0.358300886983,253,110,47
rs4457053_G,2,-0.676404826394,79,110,13
rs1800795_G,0,0.0640010285759,439,110,86
rs1800795_G,1,0.190483310416,114,110,23
rs1800795_G,2,-0.9742138236,12,110,1
rs7178572_A,0,1.0293257883,211,110,47
rs7178572_A,1,-0.027304269512,268,110,52
rs7178572_A,2,-1.5640961053,86,110,11
rs3792267_A,0,1.17462459264,269,110,60
rs3792267_A,1,-1.27713891563,235,110,38
rs3792267_A,2,0.0400618574785,61,110,12
rs2330442_A,0,0.0200494132933,210,110,41
rs2330442_A,1,-0.626979132131,246,110,44
rs2330442_A,2,0.72259568373,108,110,24
rs2330442_A,-1,2.03380521102,1,110,1
rs945508_A,0,-0.0111747539067,324,110,63
rs945508_A,1,0.157273563462,206,110,41
rs945508_A,2,-0.3475535818,35,110,6
rs17782313_G,0,0.47732583908,472,110,96
rs17782313_G,1,-1.0662728426,87,110,13
rs17782313_G,2,-0.173358818793,6,110,1
rs7501939_A,0,-1.14710896004,286,110,48
rs7501939_A,1,0.471844052834,217,110,45
rs7501939_A,2,1.5809834142,62,110,17
rs518417_A,0,0.211051554907,504,110,100
rs518417_A,1,-0.606650984674,61,110,10
rs316598_G,0,1.22329628257,201,110,46
rs316598_G,1,-0.89971069202,277,110,48
rs316598_G,2,-0.253988587226,87,110,16
rs6499640_A,0,0.438086020237,328,110,67
rs6499640_A,1,-0.764913666732,191,110,33
rs6499640_A,2,0.38884010783,46,110,10
rs10923931_A,0,0.115755688954,493,110,97
rs10923931_A,1,-0.246673069266,71,110,13
rs10923931_A,2,-0.491689171894,1,110,0
rs4929949_A,0,-1.55536906628,152,110,22
rs4929949_A,1,0.890048443083,278,110,60
rs4929949_A,2,0.37316663738,135,110,28
rs9530435_A,0,0.353998206942,442,110,89
rs9530435_A,1,-0.840415380828,116,110,19
rs9530435_A,2,0.608207035874,7,110,2
rs1837606_A,0,0.767222427896,233,110,50
rs1837606_A,1,-1.29402020942,258,110,42
rs1837606_A,2,1.05481946922,74,110,18
rs4430796_G,0,-0.949018413634,246,110,42
rs4430796_G,1,0.73006308802,239,110,51
rs4430796_G,2,0.402298900812,80,110,17
rs1562194_C,0,-1.34518928623,192,110,30
rs1562194_C,1,1.26395903591,271,110,61
rs1562194_C,2,-0.214654309407,102,110,19
rs3745367_A,0,-0.436403547303,361,110,67
rs3745367_A,1,0.55638854191,180,110,38
rs3745367_A,2,0.168796744614,24,110,5
rs1387153_A,0,-0.190016111465,341,110,65
rs1387153_A,1,0.332623087143,201,110,41
rs1387153_A,2,-0.152477794432,22,110,4
rs1387153_A,-1,-0.491689171894,1,110,0
rs11634397_A,0,0.213179920682,169,110,34
rs11634397_A,1,-0.077467036315,280,110,54
rs11634397_A,2,-0.136956580579,116,110,22
rs2972146_C,0,0.0848498554013,433,110,85
rs2972146_C,1,-0.62928653207,122,110,21
rs2972146_C,2,1.63966810316,10,110,4
rs1020605_A,0,0.0686560535805,490,110,96
rs1020605_A,1,-0.175487523191,75,110,14
rs7316821_A,0,-1.85372830366,296,110,45
rs7316821_A,1,1.11349550308,223,110,50
rs7316821_A,2,2.2506592682,46,110,15
rs780094_A,0,-0.0501802558145,243,110,47
rs780094_A,1,0.720799080762,254,110,54
rs780094_A,2,-1.2982221673,68,110,9
rs9370867_A,0,0.0466019452617,368,110,72
rs9370867_A,1,-0.406248573257,170,110,31
rs9370867_A,2,0.847329462469,27,110,7
rs2081687_A,0,-1.41757437804,413,110,69
rs2081687_A,1,2.77145566724,139,110,40
rs2081687_A,2,-1.07236440597,13,110,1
rs328_G,0,0.21298427121,509,110,101
rs328_G,1,-0.804324541272,53,110,8
rs328_G,2,0.606464234559,3,110,1
rs1884614_G,0,0.477429291036,192,110,40
rs1884614_G,1,-0.576995263439,271,110,49
rs1884614_G,2,0.285468102201,102,110,21
rs757705_A,0,0.338319713538,241,110,49
rs757705_A,1,-1.05108493196,255,110,43
rs757705_A,2,1.38833131511,69,110,18
rs13292136_A,0,-0.181867197807,377,110,72
rs13292136_A,1,0.483974054463,172,110,36
rs13292136_A,2,-1.25222412853,15,110,1
rs13292136_A,-1,2.03380521102,1,110,1
rs909253_G,0,0.789246146132,247,110,53
rs909253_G,1,-0.746331688334,250,110,44
rs909253_G,2,-0.0731774499314,68,110,13
rs7480010_G,0,-0.27256962221,365,110,69
rs7480010_G,1,0.174841158111,170,110,34
rs7480010_G,2,0.534538058262,30,110,7
rs12130799_G,0,-0.481089996439,310,110,57
rs12130799_G,1,0.611013853915,213,110,45
rs12130799_G,2,0.00698081342315,41,110,8
rs12130799_G,-1,-0.491689171894,1,110,0
rs6589564_G,0,-0.34454129283,394,110,74
rs6589564_G,1,0.775507248022,155,110,34
rs6589564_G,2,-0.704009496122,16,110,2
rs1799768_A,0,0.0999135526939,274,110,54
rs1799768_A,1,-0.350637734166,258,110,48
rs1799768_A,2,0.692517887881,33,110,8
rs13125646_A,0,0.441731458953,188,110,39
rs13125646_A,1,-0.0728128822945,285,110,55
rs13125646_A,2,-0.503301008827,92,110,16
rs2970847_A,0,0.269414046917,476,110,95
rs2970847_A,1,-0.474771853228,86,110,15
rs2970847_A,2,-0.851630627253,3,110,0
rs11605924_C,0,-1.07168530145,133,110,21
rs11605924_C,1,-0.350975046383,300,110,56
rs11605924_C,2,1.60485184692,132,110,33
rs3907047_G,0,-0.075180462281,187,110,36
rs3907047_G,1,-0.365196509082,269,110,50
rs3907047_G,2,0.672178105826,109,110,24
rs4781011_C,0,-1.14826257781,275,110,46
rs4781011_C,1,2.22477150784,216,110,55
rs4781011_C,2,-1.58742535885,74,110,9
rs4607103_A,0,0.192375366338,276,110,55
rs4607103_A,1,-0.69822241662,243,110,43
rs4607103_A,2,1.13356777198,46,110,12
rs2030763_G,0,-1.37473145887,170,110,26
rs2030763_G,1,0.498673393086,256,110,53
rs2030763_G,2,0.673490822783,138,110,30
rs2030763_G,-1,2.03380521102,1,110,1
rs340874_G,0,0.205566880255,235,110,47
rs340874_G,1,-0.2741486742,245,110,46
rs340874_G,2,0.178012779164,84,110,17
rs340874_G,-1,-0.491689171894,1,110,0
rs539343_G,0,-1.01718662402,182,110,30
rs539343_G,1,0.831546960691,275,110,59
rs539343_G,2,-0.00645174717616,108,110,21
rs4463276_G,0,-1.21351173155,294,110,49
rs4463276_G,1,0.944375890384,223,110,49
rs4463276_G,2,0.967762076423,48,110,12
rs6104567_A,0,-1.0090361436,215,110,36
rs6104567_A,1,0.749975153633,258,110,55
rs6104567_A,2,0.127215628693,90,110,18
rs6104567_A,-1,1.09044070864,2,110,1
rs1044498_C,0,-0.118829688587,390,110,75
rs1044498_C,1,0.130342709647,161,110,32
rs1044498_C,2,0.328527823795,13,110,3
rs1044498_C,-1,-0.491689171894,1,110,0
rs9287423_A,0,0.00569518194355,385,110,75
rs9287423_A,1,-0.417577637646,165,110,30
rs9287423_A,2,1.3560952544,15,110,5
rs3734398_A,0,-1.06313732977,354,110,61
rs3734398_A,1,-0.467009941966,177,110,32
rs3734398_A,2,4.4960022202,34,110,17
rs3923113_C,0,-0.466711064599,378,110,70
rs3923113_C,1,-0.0188554190119,170,110,33
rs3923113_C,2,2.2603701201,17,110,7
rs3943253_A,0,-0.050539726136,176,110,34
rs3943253_A,1,-1.10655083783,279,110,47
rs3943253_A,2,1.8262172587,110,110,29
rs659366_A,0,-0.220968166588,165,110,31
rs659366_A,1,-0.314864060389,283,110,53
rs659366_A,2,0.75210143309,117,110,26
rs10468017_A,0,-0.687862290312,419,110,76
rs10468017_A,1,1.30856335328,129,110,31
rs10468017_A,2,-0.189719314637,17,110,3
rs972283_A,0,1.23004859197,215,110,49
rs972283_A,1,-0.448387000506,256,110,47
rs972283_A,2,-1.12031540002,94,110,14
rs12629908_A,0,-0.0818449718299,151,110,29
rs12629908_A,1,-0.539090412117,275,110,50
rs12629908_A,2,0.843568927444,139,110,31
rs896854_A,0,0.739425822345,185,110,40
rs896854_A,1,0.174905473418,302,110,60
rs896854_A,2,-1.4829218971,78,110,10
rs7421394_G,0,1.00039779886,145,110,33
rs7421394_G,1,-1.59511580043,286,110,45
rs7421394_G,2,1.2897098797,134,110,32
rs887912_A,0,-0.214689033029,451,110,86
rs887912_A,1,0.484475736824,103,110,22
rs887912_A,2,-0.107818082423,11,110,2
rs2943650_G,0,0.0925194472102,402,110,79
rs2943650_G,1,-0.569157943911,153,110,27
rs2943650_G,2,1.63966810316,10,110,4
rs12779790_G,0,1.01542990475,376,110,81
rs12779790_G,1,-1.27288023289,167,110,26
rs12779790_G,2,-0.690915006021,22,110,3
rs16861329_A,0,-0.946745418472,224,110,38
rs16861329_A,1,1.0228420589,240,110,53
rs16861329_A,2,-0.166789435929,101,110,19
rs979752_A,0,-0.261162991456,401,110,76
rs979752_A,1,-0.297795006807,146,110,27
rs979752_A,2,2.08079265659,18,110,7
rs10141971_A,0,0.852259560066,392,110,83
rs10141971_A,1,-1.49056412935,156,110,23
rs10141971_A,2,0.422803044048,17,110,4
rs8042680_C,0,0.0141547428913,359,110,70
rs8042680_C,1,-0.17535767669,169,110,32
rs8042680_C,2,0.330681280616,37,110,8
rs2036402_G,0,-1.03649328846,177,110,29
rs2036402_G,1,0.890048443083,278,110,60
rs2036402_G,2,-0.109054431527,105,110,20
rs2036402_G,-1,0.0299850112406,5,110,1
rs10885122_A,0,-1.0123755984,417,110,73
rs10885122_A,1,1.01243869481,140,110,32
rs10885122_A,2,3.07377851928,8,110,5
rs7844723_A,0,0.254225706395,279,110,56
rs7844723_A,1,-1.02272000028,232,110,39
rs7844723_A,2,1.54198107242,54,110,15
rs11220462_A,0,0.691687428841,433,110,90
rs11220462_A,1,-0.857934050153,122,110,20
rs11220462_A,2,-1.55485768403,10,110,0
rs17302400_A,0,-0.00832916978906,180,110,35
rs17302400_A,1,-0.98523381576,291,110,50
rs17302400_A,2,1.7450180202,94,110,25
rs4880436_A,0,0.669691356885,300,110,63
rs4880436_A,1,-1.13267983638,219,110,36
rs4880436_A,2,0.761203939905,46,110,11
rs975351_A,0,-0.673160729428,269,110,48
rs975351_A,1,1.34888198177,240,110,55
rs975351_A,2,-1.31708116576,56,110,7
rs3752895_A,0,0.331026575141,186,110,38
rs3752895_A,1,-0.111658429413,276,110,53
rs3752895_A,2,-0.262057330373,103,110,19
MAT,0,0.0,565,110,110
rs2287019_A,0,-0.765306430032,481,110,87
rs2287019_A,1,1.88085803027,79,110,22
rs2287019_A,2,0.0299850112406,5,110,1
rs9809104_G,0,-0.848437733119,286,110,50
rs9809104_G,1,0.603893983771,228,110,48
rs9809104_G,2,0.732316353886,51,110,12
rs870347_C,0,-0.199908187601,154,110,29
rs870347_C,1,-0.566897572681,260,110,47
rs870347_C,2,0.945764118923,151,110,34
rs818386_A,0,0.291406913075,172,110,35
rs818386_A,1,-0.174914010764,247,110,47
rs818386_A,2,-0.0887836045139,146,110,28
rs1660861_G,0,0.546800703173,200,110,42
rs1660861_G,1,0.404120675611,259,110,53
rs1660861_G,2,-1.38278437378,106,110,15
rs738409_C,0,-1.31312874712,191,110,30
rs738409_C,1,0.129854759714,273,110,54
rs738409_C,2,1.64939367663,100,110,26
rs738409_C,-1,-0.491689171894,1,110,0
rs1040045_G,0,-0.417583360984,418,110,78
rs1040045_G,1,0.550657329074,131,110,28
rs1040045_G,2,0.558737695335,16,110,4
rs9939609_A,0,0.259677814672,375,110,75
rs9939609_A,1,-0.563895274061,169,110,30
rs9939609_A,2,0.502337431613,21,110,5
rs662799_G,0,-0.37459644688,390,110,73
rs662799_G,1,0.768594423355,160,110,35
rs662799_G,2,-0.600144282796,15,110,2
rs6665486_A,0,-1.22790825281,289,110,48
rs6665486_A,1,1.04297703129,225,110,50
rs6665486_A,2,0.732316353886,51,110,12
rs10146997_G,0,1.08695665747,320,110,70
rs10146997_G,1,-1.05450052725,222,110,37
rs10146997_G,2,-0.690915006021,22,110,3
rs10146997_G,-1,-0.491689171894,1,110,0
rs1408888_C,0,0.33204983037,196,110,40
rs1408888_C,1,-0.386797370694,275,110,51
rs1408888_C,2,0.182108881897,94,110,19
rs10510228_G,0,0.739425822345,185,110,40
rs10510228_G,1,-0.526521406343,248,110,45
rs10510228_G,2,-0.153676722311,132,110,25
rs10938397_G,0,-0.217331704913,264,110,50
rs10938397_G,1,0.273840824588,243,110,49
rs10938397_G,2,-0.0968429268558,58,110,11
rs10513300_G,0,0.961062827855,237,110,52
rs10513300_G,1,-0.908893671118,261,110,45
rs10513300_G,2,-0.013652134756,67,110,13
rs1325502_A,0,-0.394005638298,417,110,78
rs1325502_A,1,0.286417097198,137,110,28
rs1325502_A,2,1.41511233181,11,110,4
rs12255372_A,0,0.44770814536,423,110,86
rs12255372_A,1,-0.610825022206,127,110,22
rs12255372_A,2,-0.600144282796,15,110,2
rs6556352_A,0,1.91686887745,206,110,51
rs6556352_A,1,-1.25774823164,279,110,46
rs6556352_A,2,-0.676404826394,79,110,13
rs6556352_A,-1,-0.491689171894,1,110,0
rs2230806_A,0,-0.0229951136994,273,110,53
rs2230806_A,1,0.37076221317,240,110,49
rs2230806_A,2,-0.743836582177,52,110,8
rs10496971_C,0,-0.768955376466,202,110,35
rs10496971_C,1,-0.240746148378,270,110,51
rs10496971_C,2,1.54347897623,93,110,24
rs7756992_G,0,0.220343932414,270,110,54
rs7756992_G,1,-0.947648738764,235,110,40
rs7756992_G,2,1.48392562242,59,110,16
rs7756992_G,-1,-0.491689171894,1,110,0
rs708272_G,0,-1.20698667425,148,110,23
rs708272_G,1,0.0366561696773,271,110,53
rs708272_G,2,1.16528480924,146,110,34
rs2815752_G,0,-0.137166026459,339,110,65
rs2815752_G,1,0.583027773907,199,110,42
rs2815752_G,2,-1.09679701995,27,110,3
rs726344_A,0,-0.769635145146,353,110,63
rs726344_A,1,1.02122016988,173,110,39
rs726344_A,2,0.164624129532,39,110,8
rs328384_A,0,-1.35685612349,249,110,40
rs328384_A,1,0.789246146132,247,110,53
rs328384_A,2,1.08429751936,69,110,17
rs1296819_A,0,0.578255344159,323,110,67
rs1296819_A,1,-0.930925297862,218,110,37
rs1296819_A,2,0.684311126814,24,110,6
rs1552224_C,0,0.164752891226,501,110,99
rs1552224_C,1,-0.606650984674,61,110,10
rs1552224_C,2,0.606464234559,3,110,1
rs2605100_A,0,0.835130706802,270,110,58
rs2605100_A,1,-0.135587014068,225,110,43
rs2605100_A,2,-1.34797284664,69,110,9
rs2605100_A,-1,-0.491689171894,1,110,0
rs2191349_A,0,0.333233094861,206,110,42
rs2191349_A,1,-0.921917197302,256,110,44
rs2191349_A,2,0.982164448289,103,110,24
rs660339_A,0,-0.152910698153,158,110,30
rs660339_A,1,-0.292741687851,277,110,52
rs660339_A,2,0.595895177681,130,110,28
rs2131925_C,0,-0.490680577659,183,110,33
rs2131925_C,1,0.404714041781,269,110,55
rs2131925_C,2,0.0,113,110,22
rs6449213_G,0,-0.0840044134442,337,110,65
rs6449213_G,1,-0.235875882351,202,110,38
rs6449213_G,2,0.959898701718,26,110,7
rs12970134_A,0,0.103355916698,422,110,83
rs12970134_A,1,-0.103488542153,136,110,26
rs12970134_A,2,-0.346340117651,7,110,1
rs1424233_G,0,0.226381870407,285,110,57
rs1424233_G,1,-0.225481400565,233,110,44
rs1424233_G,2,-0.355887556319,46,110,8
rs1424233_G,-1,2.03380521102,1,110,1
rs713586_G,0,-1.4157263742,268,110,43
rs713586_G,1,1.25457716035,238,110,54
rs713586_G,2,0.497551532224,59,110,13
rs10512572_A,0,-0.121456558789,152,110,29
rs10512572_A,1,-0.0437645768053,284,110,55
rs10512572_A,2,0.196776444102,129,110,26
rs7745461_A,0,-0.391707308712,159,110,29
rs7745461_A,1,0.279760327107,263,110,53
rs7745461_A,2,0.0336412752058,143,110,28
rs9816226_T,0,-0.435870122877,466,110,87
rs9816226_T,1,0.28753424969,87,110,18
rs9816226_T,2,1.94197590002,12,110,5
rs4746136_G,0,-0.864880018541,194,110,33
rs4746136_G,1,0.622721498957,262,110,55
rs4746136_G,2,0.1883811252,109,110,22
rs7138803_A,0,0.277551280195,349,110,70
rs7138803_A,1,-0.409686355372,186,110,34
rs7138803_A,2,0.0734479774712,30,110,6
rs9546651_G,0,-0.0751544939168,156,110,30
rs9546651_G,1,-0.787244480769,273,110,48
rs9546651_G,2,1.11819605595,133,110,31
rs9546651_G,-1,0.606464234559,3,110,1
rs17150703_A,0,-1.70730610937,398,110,64
rs17150703_A,1,2.81284841143,159,110,45
rs17150703_A,2,-0.497809888727,8,110,1
rs1871428_G,0,-0.546564562131,206,110,37
rs1871428_G,1,0.278283916005,258,110,52
rs1871428_G,2,0.335802731004,101,110,21
rs647325_A,0,-0.586503913224,266,110,48
rs647325_A,1,0.995103064448,236,110,52
rs647325_A,2,-0.720837968444,63,110,10
rs8113143_C,0,-1.27302142358,218,110,35
rs8113143_C,1,0.652280053025,266,110,56
rs8113143_C,2,0.906396705765,81,110,19
rs4666200_G,0,0.00229301111963,380,110,74
rs4666200_G,1,-0.267730971167,161,110,30
rs4666200_G,2,0.684311126814,24,110,6
SEX,0,0.0,565,110,110
rs1801282_G,0,0.401682559236,440,110,89
rs1801282_G,1,-0.371442847329,116,110,21
rs1801282_G,2,-1.47506751568,9,110,0
rs2986742_G,0,0.259278567416,446,110,89
rs2986742_G,1,-0.203097196325,107,110,20
rs2986742_G,2,-0.869283289539,11,110,1
rs2986742_G,-1,-0.491689171894,1,110,0
rs11920090_A,0,-0.200308544128,440,110,84
rs11920090_A,1,0.237578526899,113,110,23
rs11920090_A,2,0.483881038212,12,110,3
rs964184_C,0,-1.3936253799,239,110,38
rs964184_C,1,1.66202633734,245,110,58
rs964184_C,2,-0.496655729186,81,110,14
rs6265_A,0,0.422543978335,419,110,85
rs6265_A,1,-0.386723634189,127,110,23
rs6265_A,2,-0.984447117437,19,110,2
rs1513181_G,0,0.122718455856,207,110,41
rs1513181_G,1,-0.465959491379,246,110,45
rs1513181_G,2,0.333047460463,111,110,23
rs1513181_G,-1,2.03380521102,1,110,1
rs7528419_G,0,-0.718647043878,367,110,66
rs7528419_G,1,1.39038814019,178,110,42
rs7528419_G,2,-1.06946540092,20,110,2
rs987237_G,0,-0.828918145759,171,110,29
rs987237_G,1,0.190069027956,271,110,54
rs987237_G,2,0.695239602806,123,110,27
rs2028299_C,0,-0.0873009067486,430,110,83
rs2028299_C,1,-0.0759620284763,125,110,24
rs2028299_C,2,0.841036656361,10,110,3
rs1027872_A,0,0.405423100198,279,110,57
rs1027872_A,1,-0.566890675942,228,110,41
rs1027872_A,2,0.234770731772,58,110,12
rs10889353_C,0,-0.883158449158,211,110,36
rs10889353_C,1,1.06443597872,258,110,57
rs10889353_C,2,-0.435678084072,96,110,17
rs2844479_C,0,0.650759482836,158,110,34
rs2844479_C,1,-0.644380760483,268,110,48
rs2844479_C,2,0.200940014178,139,110,28
rs4670767_A,0,0.71092548098,176,110,38
rs4670767_A,1,0.162485065275,277,110,55
rs4670767_A,2,-1.34491777028,111,110,16
rs4670767_A,-1,2.03380521102,1,110,1
rs3737576_G,0,-0.20025750607,227,110,43
rs3737576_G,1,0.307166067684,247,110,50
rs3737576_G,2,-0.189772066207,91,110,17
rs1514175_G,0,0.861111689055,206,110,45
rs1514175_G,1,0.0107428142331,277,110,54
rs1514175_G,2,-1.38459863297,82,110,11
rs7961581_G,0,-0.587803385932,420,110,77
rs7961581_G,1,0.242243512987,133,110,27
rs7961581_G,2,2.67102333093,12,110,6
rs2357442_A,0,0.772201553451,189,110,41
rs2357442_A,1,-0.817687448696,247,110,43
rs2357442_A,2,0.196776444102,129,110,26
rs7034200_C,0,1.26917653635,181,110,42
rs7034200_C,1,-0.958058050548,290,110,50
rs7034200_C,2,-0.0783759744873,94,110,18
rs4846914_G,0,0.102473404532,177,110,35
rs4846914_G,1,0.0999135526939,274,110,54
rs4846914_G,2,-0.475157053798,113,110,20
rs4846914_G,-1,2.03380521102,1,110,1
rs1333049_G,0,-0.650496833949,166,110,29
rs1333049_G,1,0.957133319351,271,110,59
rs1333049_G,2,-0.651893901905,128,110,22
rs10838738_G,0,0.368221282773,200,110,41
rs10838738_G,1,-0.0728128822945,285,110,55
rs10838738_G,2,-0.392264508987,79,110,14
rs10838738_G,-1,-0.491689171894,1,110,0
rs7903146_A,0,-0.0480270124995,382,110,74
rs7903146_A,1,0.133568683237,166,110,33
rs7903146_A,2,-0.0726359003935,16,110,3
rs7903146_A,-1,-0.491689171894,1,110,0
rs1800592_G,0,-0.417577637646,165,110,30
rs1800592_G,1,-0.199366475015,279,110,53
rs1800592_G,2,0.790359867219,121,110,27
rs13400937_C,0,-0.634394607355,273,110,49
rs13400937_C,1,-0.0232281046007,237,110,46
rs13400937_C,2,1.46159940411,55,110,15
rs2373067_G,0,1.06238304517,316,110,69
rs2373067_G,1,-1.78210074889,212,110,31
rs2373067_G,2,1.16105871861,37,110,10
rs9987289_A,0,1.11682404037,266,110,59
rs9987289_A,1,-0.793256552478,257,110,45
rs9987289_A,2,-0.8483565657,42,110,6
rs5768007_G,0,0.451712653898,153,110,32
rs5768007_G,1,-0.299485489534,272,110,51
rs5768007_G,2,-0.0547774666968,140,110,27
rs8192678_A,0,-0.166555899165,309,110,59
rs8192678_A,1,0.505139237073,221,110,46
rs8192678_A,2,-0.774440046402,35,110,5
rs29941_A,0,-0.616141855323,192,110,34
rs29941_A,1,1.22166639126,258,110,58
rs29941_A,2,-1.1878926345,113,110,17
rs29941_A,-1,1.09044070864,2,110,1
PAT,0,0.0,565,110,110
rs1799884_A,0,0.493872388596,351,110,72
rs1799884_A,1,-0.636912453826,198,110,35
rs1799884_A,2,0.0519355629343,15,110,3
rs1799884_A,-1,-0.491689171894,1,110,0
rs1805081_G,0,0.437091029473,313,110,64
rs1805081_G,1,-0.246733046425,218,110,41
rs1805081_G,2,-1.06601068135,33,110,4
rs1805081_G,-1,2.03380521102,1,110,1
rs1143634_A,0,0.641229785295,455,110,94
rs1143634_A,1,-1.0519437827,104,110,16
rs1143634_A,2,-1.20438758319,6,110,0
rs1519543_C,0,0.0497601869231,373,110,73
rs1519543_C,1,-0.240906027915,176,110,33
rs1519543_C,2,0.704015408665,15,110,4
rs1519543_C,-1,-0.491689171894,1,110,0
rs3810291_G,0,0.989057681955,150,110,34
rs3810291_G,1,0.0403584684624,276,110,54
rs3810291_G,2,-1.0463840467,138,110,22
rs3810291_G,-1,-0.491689171894,1,110,0
rs2054576_G,0,0.378072384523,300,110,61
rs2054576_G,1,-0.839966937173,226,110,39
rs2054576_G,2,0.973429635494,39,110,10
rs2068888_A,0,0.0237203654076,174,110,34
rs2068888_A,1,-0.983029978066,280,110,48
rs2068888_A,2,1.53159405385,111,110,28
rs7923837_G,0,-0.0873543776339,177,110,34
rs7923837_G,1,0.0999135526939,274,110,54
rs7923837_G,2,0.0,113,110,22
rs7923837_G,-1,-0.491689171894,1,110,0
rs7498665_G,0,-0.308675567415,141,110,26
rs7498665_G,1,0.316619935999,287,110,58
rs7498665_G,2,-0.103488542153,136,110,26
rs7498665_G,-1,-0.491689171894,1,110,0
rs10889337_A,0,-0.525593196601,184,110,33
rs10889337_A,1,0.435503098716,268,110,55
rs10889337_A,2,0.0,113,110,22
rs1369093_G,0,-0.686594364753,167,110,29
rs1369093_G,1,0.220343932414,270,110,54
rs1369093_G,2,0.464227475599,128,110,27
rs11652805_G,0,-0.366379636329,353,110,66
rs11652805_G,1,0.36805864263,190,110,39
rs11652805_G,2,0.385959417157,22,110,5
rs705308_C,0,-0.328905934431,362,110,68
rs705308_C,1,0.861784533196,177,110,39
rs705308_C,2,-1.02126208904,26,110,3
rs3745099_G,0,0.339975910276,251,110,51
rs3745099_G,1,-0.168946398854,252,110,48
rs3745099_G,2,-0.343445230014,62,110,11
rs11206510_G,0,-0.273614566475,490,110,93
rs11206510_G,1,0.715902266635,70,110,16
rs11206510_G,2,0.0299850112406,5,110,1
rs2702414_A,0,-2.02261148902,166,110,22
rs2702414_A,1,1.12332064071,261,110,58
rs2702414_A,2,0.673490822783,138,110,30
rs32314_A,0,-0.452616079206,272,110,50
rs32314_A,1,-0.472319598456,225,110,41
rs32314_A,2,1.76438962612,68,110,19
rs688_A,0,-1.20438872257,182,110,29
rs688_A,1,0.585886289584,283,110,59
rs688_A,2,0.639195923463,100,110,22
rs4712652_G,0,0.279760327107,263,110,53
rs4712652_G,1,-0.607357555426,240,110,43
rs4712652_G,2,0.363418278555,61,110,13
rs4712652_G,-1,2.03380521102,1,110,1
rs9522149_G,0,-0.243523043166,317,110,60
rs9522149_G,1,0.685152157657,206,110,44
rs9522149_G,2,-0.8483565657,42,110,6
rs1111875_A,0,-1.2809089325,190,110,30
rs1111875_A,1,0.141012596273,293,110,58
rs1111875_A,2,1.68323755381,82,110,22
rs2271293_A,0,0.23011231595,432,110,86
rs2271293_A,1,-0.898773515511,123,110,20
rs2271293_A,2,1.63966810316,10,110,4
rs4810479_A,0,1.00038842495,207,110,46
rs4810479_A,1,-0.181573392255,268,110,51
rs4810479_A,2,-1.20383678263,90,110,13
rs4908343_G,0,0.121326016254,360,110,71
rs4908343_G,1,0.0237203654076,174,110,34
rs4908343_G,2,-0.302964557039,29,110,5
rs4908343_G,-1,-0.695353495365,2,110,0
rs6699816_G,0,0.494838598321,386,110,79
rs6699816_G,1,-1.19284623875,159,110,25
rs6699816_G,2,1.18940544588,20,110,6
rs6235_C,0,-0.785588230465,359,110,64
rs6235_C,1,1.29645994184,185,110,43
rs6235_C,2,-0.59987868047,21,110,3
rs1342387_G,0,-0.671428793868,172,110,30
rs1342387_G,1,0.0439975753116,281,110,55
rs1342387_G,2,0.762370624829,112,110,25
rs1555543_A,0,-0.160366141876,179,110,34
rs1555543_A,1,0.146369807112,303,110,60
rs1555543_A,2,-0.0441571893529,83,110,16
rs13342232_G,0,0.435692915761,248,110,51
rs13342232_G,1,0.435692915761,248,110,51
rs13342232_G,2,-1.6520066424,69,110,8
rs1470579_C,0,-0.180132199705,351,110,67
rs1470579_C,1,0.477429291036,192,110,40
rs1470579_C,2,-0.690915006021,22,110,3
rs12654264_A,0,-0.468147057396,193,110,35
rs12654264_A,1,0.800442957838,276,110,59
rs12654264_A,2,-0.693435275172,96,110,16
rs7957197_A,0,0.0577307316374,470,110,92
rs7957197_A,1,-0.0876545943351,89,110,17
rs7957197_A,2,-0.173358818793,6,110,1
rs7803075_G,0,-0.566589127195,244,110,44
rs7803075_G,1,0.466695934917,262,110,54
rs7803075_G,2,0.168760168825,59,110,12
rs734873_A,0,-0.00912414835752,216,110,42
rs734873_A,1,0.497432057244,266,110,55
rs734873_A,2,-0.875784255498,83,110,13
rs9319336_A,0,-0.93654347676,163,110,27
rs9319336_A,1,-0.00557649597524,257,110,50
rs9319336_A,2,1.04483949028,144,110,33
rs9319336_A,-1,-0.491689171894,1,110,0
rs12137855_A,0,-0.237578526899,452,110,86
rs12137855_A,1,0.672178105826,109,110,24
rs12137855_A,2,-0.851630627253,3,110,0
rs12137855_A,-1,-0.491689171894,1,110,0
rs36633_G,0,1.23763972573,229,110,52
rs36633_G,1,-0.0764824954786,249,110,48
rs36633_G,2,-1.83642716832,86,110,10
rs36633_G,-1,-0.491689171894,1,110,0
rs1529729_A,0,-0.616141855323,192,110,34
rs1529729_A,1,-0.49011163774,268,110,49
rs1529729_A,2,1.61618667523,105,110,27
rs564398_G,0,-0.554339221716,408,110,75
rs564398_G,1,0.798995462508,140,110,31
rs564398_G,2,0.422803044048,17,110,4
rs3846662_G,0,-0.454382588205,150,110,27
rs3846662_G,1,1.11255904836,295,110,65
rs3846662_G,2,-1.23637428743,120,110,18
rs4821004_A,0,0.296174589072,197,110,40
rs4821004_A,1,-1.00922961636,270,110,46
rs4821004_A,2,1.25524851761,98,110,24
rs2306040_G,0,0.292301186698,177,110,36
rs2306040_G,1,0.803720461072,271,110,58
rs2306040_G,2,-1.58271894985,117,110,16
rs6548238_A,0,-0.115001246725,457,110,88
rs6548238_A,1,0.137408583724,105,110,21
rs6548238_A,2,1.09044070864,2,110,1
rs6548238_A,-1,-0.491689171894,1,110,0
rs13078807_G,0,0.47732583908,472,110,96
rs13078807_G,1,-1.19975736094,84,110,12
rs13078807_G,2,0.208595406258,9,110,2
rs10195252_G,0,-0.460228620176,383,110,71
rs10195252_G,1,0.288956954775,157,110,32
rs10195252_G,2,1.19982550901,24,110,7
rs10195252_G,-1,-0.491689171894,1,110,0
rs1169288_C,0,0.661177993883,246,110,52
rs1169288_C,1,-0.366152352659,248,110,46
rs1169288_C,2,-0.491514989033,70,110,12
rs1169288_C,-1,-0.491689171894,1,110,0
rs2416791_A,0,-0.0693562821437,192,110,37
rs2416791_A,1,-0.0316969828742,263,110,51
rs2416791_A,2,0.140642169282,110,110,22
rs6065906_G,0,0.0883821445347,484,110,95
rs6065906_G,1,0.002546962794,77,110,15
rs6065906_G,2,-0.983378343789,4,110,0
rs1800591_A,0,0.690931811746,438,110,91
rs1800591_A,1,-1.34923691156,117,110,17
rs1800591_A,2,0.0424052095644,10,110,2
rs8135828_A,0,-0.726238999593,394,110,71
rs8135828_A,1,1.7446578945,156,110,39
rs8135828_A,2,-1.90430397426,15,110,0
rs1169300_A,0,0.500158353131,246,110,51
rs1169300_A,1,-0.138247465589,251,110,48
rs1169300_A,2,-0.630728625727,67,110,11
rs1169300_A,-1,-0.491689171894,1,110,0
rs1040404_G,0,-0.558635880471,281,110,51
rs1040404_G,1,0.333876974682,211,110,43
rs1040404_G,2,0.589996905158,72,110,16
rs1040404_G,-1,-0.491689171894,1,110,0
rs10778660_A,0,0.562335469621,254,110,53
rs10778660_A,1,-0.344276444315,221,110,41
rs10778660_A,2,-0.405205335838,90,110,16
rs1862513_G,0,-1.02581672141,423,110,74
rs1862513_G,1,1.68044822963,126,110,32
rs1862513_G,2,0.558737695335,16,110,4
rs6511720_A,0,0.0519221232956,501,110,98
rs6511720_A,1,-0.283294563598,61,110,11
rs6511720_A,2,0.606464234559,3,110,1
rs7647305_A,0,-0.00220483984224,411,110,80
rs7647305_A,1,-0.278913208351,135,110,25
rs7647305_A,2,0.890263187248,18,110,5
rs7647305_A,-1,-0.491689171894,1,110,0
rs1802295_A,0,-0.507977174453,348,110,64
rs1802295_A,1,1.40227905733,187,110,44
rs1802295_A,2,-1.77091234569,30,110,2
rs1695_A,0,-1.63426450081,172,110,25
rs1695_A,1,1.52247342109,296,110,68
rs1695_A,2,-0.483349974185,97,110,17
rs75493593_A,0,0.435503098716,268,110,55
rs75493593_A,1,0.535057057117,235,110,49
rs75493593_A,2,-1.90007666898,61,110,6
rs75493593_A,-1,-0.491689171894,1,110,0
rs2504853_G,0,0.605585564458,164,110,35
rs2504853_G,1,-1.3882841808,267,110,43
rs2504853_G,2,1.11819605595,133,110,31
rs2504853_G,-1,2.03380521102,1,110,1
rs1893590_C,0,0.298252449675,207,110,42
rs1893590_C,1,-0.781508577405,262,110,46
rs1893590_C,2,0.853107871428,96,110,22
rs2237895_A,0,0.590526585957,135,110,29
rs2237895_A,1,-0.323126352264,299,110,56
rs2237895_A,2,-0.247938319569,129,110,24
rs2237895_A,-1,1.09044070864,2,110,1
rs2290159_C,0,-1.00825139105,406,110,71
rs2290159_C,1,1.81388069348,150,110,38
rs2290159_C,2,-0.633236054713,9,110,1
rs798443_G,0,-1.01431708437,303,110,52
rs798443_G,1,1.69432119102,221,110,53
rs798443_G,2,-1.1762670618,41,110,5
rs2125345_G,0,0.495237210581,291,110,60
rs2125345_G,1,-0.746820236611,223,110,39
rs2125345_G,2,0.378676405215,51,110,11
rs925946_A,0,0.233975335602,376,110,75
rs925946_A,1,-0.137944157024,168,110,32
rs925946_A,2,-0.59987868047,21,110,3
rs10839880_G,0,-0.135587014068,225,110,43
rs10839880_G,1,-0.924610942089,267,110,46
rs10839880_G,2,1.7805263745,72,110,20
rs10839880_G,-1,2.03380521102,1,110,1
rs3856806_A,0,0.0955565045138,453,110,89
rs3856806_A,1,-0.109054431527,105,110,20
rs3856806_A,2,-0.346340117651,7,110,1
rs2228314_C,0,-0.615114177047,283,110,51
rs2228314_C,1,0.0243875805099,215,110,42
rs2228314_C,2,1.047859572,65,110,16
rs2228314_C,-1,1.09044070864,2,110,1
rs4944217_A,0,-0.178520779723,325,110,62
rs4944217_A,1,0.580532836094,204,110,43
rs4944217_A,2,-0.774440046402,35,110,5
rs4944217_A,-1,-0.491689171894,1,110,0
rs12544346_A,0,0.205065618336,149,110,30
rs12544346_A,1,0.465812837908,282,110,58
rs12544346_A,2,-0.852697165713,133,110,22
rs12544346_A,-1,-0.491689171894,1,110,0
rs948028_C,0,-0.0550507298999,238,110,46
rs948028_C,1,0.435851364789,243,110,50
rs948028_C,2,-0.648649304899,84,110,14
rs1801133_G,0,-0.962232007415,147,110,24
rs1801133_G,1,0.259386503307,294,110,59
rs1801133_G,2,0.648275551307,124,110,27
rs1471939_A,0,-0.174393308037,221,110,42
rs1471939_A,1,-0.439921137619,261,110,48
rs1471939_A,2,1.12544915621,82,110,20
rs1471939_A,-1,-0.491689171894,1,110,0
rs3764261_A,0,0.966961951485,232,110,51
rs3764261_A,1,-0.431655917443,266,110,49
rs3764261_A,2,-0.939266871212,67,110,10
rs439401_G,0,0.603893983771,228,110,48
rs439401_G,1,0.74694629208,263,110,56
rs439401_G,2,-2.46817363487,74,110,6
rs772262_A,0,-0.25161813987,192,110,36
rs772262_A,1,0.886136406242,283,110,61
rs772262_A,2,-1.20383678263,90,110,13
rs12130333_A,0,-0.59756696647,309,110,56
rs12130333_A,1,0.855463584899,211,110,46
rs12130333_A,2,-0.286523440744,45,110,8
rs757110_C,0,0.228800271659,209,110,42
rs757110_C,1,-0.635720541178,257,110,46
rs757110_C,2,0.69183269555,99,110,22
rs646776_G,0,-0.727117047903,362,110,65
rs646776_G,1,1.33622596377,184,110,43
rs646776_G,2,-0.984447117437,19,110,2
rs10010131_A,0,-1.42468729989,330,110,54
rs10010131_A,1,1.8572554732,203,110,50
rs10010131_A,2,-0.102722675452,32,110,6
rs6422347_G,0,-0.604223152988,426,110,78
rs6422347_G,1,0.725587562303,132,110,29
rs6422347_G,2,1.5627541894,7,110,3
rs3784230_G,0,-0.0300370234415,160,110,31
rs3784230_G,1,-0.793067179683,284,110,50
rs3784230_G,2,1.24954066411,121,110,29
rs1042713_A,0,0.783455422292,179,110,39
rs1042713_A,1,-0.712545143346,265,110,47
rs1042713_A,2,0.101588671879,121,110,24
rs874299_G,0,-0.93654347676,163,110,27
rs874299_G,1,0.228359042185,290,110,58
rs874299_G,2,0.812466097816,111,110,25
rs874299_G,-1,-0.491689171894,1,110,0
rs2112347_C,0,0.0408217918237,235,110,46
rs2112347_C,1,1.13701487005,251,110,56
rs2112347_C,2,-2.05483375503,78,110,8
rs2112347_C,-1,-0.491689171894,1,110,0
rs4402960_A,0,-0.0634318587831,362,110,70
rs4402960_A,1,0.219134467548,184,110,37
rs4402960_A,2,-0.405058970196,19,110,3
rs243021_G,0,1.06246993455,191,110,43
rs243021_G,1,-0.328694860527,273,110,51
rs243021_G,2,-0.876100706285,100,110,16
rs243021_G,-1,-0.491689171894,1,110,0
rs1137100_G,0,-0.510369228626,274,110,50
rs1137100_G,1,0.86454723398,235,110,51
rs1137100_G,2,-0.642114400541,56,110,9
rs16928751_A,0,-0.101143104326,508,110,98
rs16928751_A,1,-0.241088561502,55,110,10
rs16928751_A,2,2.87623491265,2,110,2
rs174550_A,0,0.117928560943,304,110,60
rs174550_A,1,0.0580556742652,214,110,42
rs174550_A,2,-0.423801399734,47,110,8
rs7557067_G,0,0.0366934599112,312,110,61
rs7557067_G,1,0.0243875805099,215,110,42
rs7557067_G,2,-0.163150601358,38,110,7
rs3118378_A,0,0.172481046982,297,110,59
rs3118378_A,1,0.0619198310552,219,110,43
rs3118378_A,2,-0.555544908504,49,110,8
rs2354124_G,0,-0.625101500679,326,110,59
rs2354124_G,1,0.221093497409,189,110,38
rs2354124_G,2,1.16629745359,50,110,13
rs429358_G,0,0.617500841459,456,110,94
rs429358_G,1,-0.920677686328,101,110,16
rs429358_G,2,-1.09945041216,5,110,0
rs429358_G,-1,-0.851630627253,3,110,0
rs7944584_T,0,0.330237577153,443,110,89
rs7944584_T,1,-0.669450105459,112,110,19
rs7944584_T,2,0.0424052095644,10,110,2
rs1408801_A,0,0.335256100796,221,110,45
rs1408801_A,1,-0.426879109615,250,110,46
rs1408801_A,2,0.234071136035,93,110,19
rs1408801_A,-1,-0.491689171894,1,110,0
rs1800629_A,0,-0.0358034416,505,110,98
rs1800629_A,1,-0.367072813665,57,110,10
rs1800629_A,2,2.06455909637,3,110,2
rs4994_G,0,0.249074209901,345,110,69
rs4994_G,1,-0.548034454665,190,110,34
rs4994_G,2,0.739140494986,28,110,7
rs4994_G,-1,-0.695353495365,2,110,0
rs3812316_C,0,0.301345633466,505,110,101
rs3812316_C,1,-1.70511242477,57,110,6
rs3812316_C,2,3.52265395818,3,110,3
rs2241766_C,0,0.575624516095,343,110,71
rs2241766_C,1,-0.930697361086,196,110,33
rs2241766_C,2,0.572147400023,25,110,6
rs2241766_C,-1,-0.491689171894,1,110,0
rs11724758_A,0,1.98147715465,236,110,58
rs11724758_A,1,-2.02414200321,250,110,36
rs11724758_A,2,0.176016125827,79,110,16
rs693_A,0,-0.279394359639,219,110,41
rs693_A,1,0.143668077555,242,110,48
rs693_A,2,0.186281711521,104,110,21
rs2167270_A,0,-0.331956545896,131,110,24
rs2167270_A,1,-0.371792169957,306,110,57
rs2167270_A,2,0.957884693914,127,110,29
rs2167270_A,-1,-0.491689171894,1,110,0
rs1260326_A,0,0.435692915761,248,110,51
rs1260326_A,1,0.307166067684,247,110,50
rs1260326_A,2,-1.39707793078,70,110,9
rs35767_A,0,1.11126719405,324,110,71
rs35767_A,1,-0.947652026861,191,110,32
rs35767_A,2,-1.33007359537,37,110,4
rs35767_A,-1,0.328527823795,13,110,3
rs2016520_G,0,-0.0784629546461,409,110,79
rs2016520_G,1,0.158665765604,140,110,28
rs2016520_G,2,-0.0726359003935,16,110,3
rs174537_C,0,0.0895810366267,305,110,60
rs174537_C,1,0.0918817825436,213,110,42
rs174537_C,2,-0.423801399734,47,110,8
rs734312_G,0,-1.81989367465,260,110,39
rs734312_G,1,1.6715807476,254,110,60
rs734312_G,2,0.378676405215,51,110,11
rs662_A,0,-0.599945150379,170,110,30
rs662_A,1,1.17462459264,269,110,60
rs662_A,2,-1.01941883125,126,110,20
rs1801253_C,0,0.129940463008,426,110,84
rs1801253_C,1,0.194683369897,124,110,25
rs1801253_C,2,-1.30088727118,7,110,0
rs1801253_C,-1,-0.497809888727,8,110,1
rs918703_G,0,-1.10917996684,334,110,57
rs918703_G,1,1.337357322,198,110,46
rs918703_G,2,0.252885745575,33,110,7
rs10913469_G,0,-0.660451793691,354,110,64
rs10913469_G,1,0.99430328399,188,110,42
rs10913469_G,2,-0.152477794432,22,110,4
rs10913469_G,-1,-0.491689171894,1,110,0
rs206936_A,0,0.0189111219959,169,110,33
rs206936_A,1,-0.903432761024,288,110,50
rs206936_A,2,1.45164311464,108,110,27
rs1501299_A,0,-0.826967320141,323,110,57
rs1501299_A,1,1.2769528675,209,110,48
rs1501299_A,2,-0.626378539039,33,110,5
rs6548616_G,0,0.546308382907,384,110,79
rs6548616_G,1,-0.903932244432,151,110,25
rs6548616_G,2,0.0734479774712,30,110,6
rs3740878_A,0,-0.0984752422375,198,110,38
rs3740878_A,1,-0.138247465589,251,110,48
rs3740878_A,2,0.33201595292,116,110,24
rs5925_A,0,0.177393718797,175,110,35
rs5925_A,1,0.859015281608,279,110,60
rs5925_A,2,-1.58462708895,111,110,15
rs12525751_A,0,-0.429854888044,450,110,84
rs12525751_A,1,1.26179534738,107,110,26
rs12525751_A,2,-1.39070699073,8,110,0
rs2241423_G,0,0.838853723669,265,110,57
rs2241423_G,1,-1.23026472853,239,110,39
rs2241423_G,2,0.686774699631,61,110,14
rs3135506_G,0,-0.645482630176,380,110,69
rs3135506_G,1,1.38406501904,155,110,37
rs3135506_G,2,-0.771937090538,29,110,4
rs3135506_G,-1,-0.491689171894,1,110,0
rs757210_A,0,-1.43950347481,297,110,48
rs757210_A,1,1.20318799171,211,110,48
rs757210_A,2,0.707819129899,56,110,13
rs757210_A,-1,2.03380521102,1,110,1
rs174546_G,0,0.146369807112,303,110,60
rs174546_G,1,0.0243875805099,215,110,42
rs174546_G,2,-0.423801399734,47,110,8
rs12310367_G,0,-0.668711034135,333,110,60
rs12310367_G,1,0.798920110411,198,110,43
rs12310367_G,2,0.164815085651,34,110,7
rs2237892_A,0,-0.111658429413,276,110,53
rs2237892_A,1,0.0485471610563,245,110,48
rs2237892_A,2,0.165096438711,44,110,9
rs10865710_G,0,0.21116960605,164,110,33
rs10865710_G,1,-0.0572322887368,269,110,52
rs10865710_G,2,-0.153676722311,132,110,25
rs2241883_G,0,0.966996462879,261,110,57
rs2241883_G,1,-0.507868146709,258,110,47
rs2241883_G,2,-1.10061522047,46,110,6
rs10108270_A,0,0.961514386951,427,110,91
rs10108270_A,1,-1.91937451821,126,110,16
rs10108270_A,2,0.483881038212,12,110,3
rs10007810_A,0,0.249074209901,345,110,69
rs10007810_A,1,0.0810038282921,198,110,39
rs10007810_A,2,-1.22935221761,22,110,2
rs1950993_C,0,1.32549060376,203,110,47
rs1950993_C,1,-1.85719359467,273,110,41
rs1950993_C,2,1.25085475159,89,110,22
rs7238445_A,0,-0.205783298975,248,110,47
rs7238445_A,1,0.49938370223,251,110,52
rs7238445_A,2,-0.574966156035,66,110,11
rs7106340_A,0,0.595386297872,417,110,86
rs7106340_A,1,-1.11015446232,134,110,21
rs7106340_A,2,0.185167873644,14,110,3
rs7164773_G,0,-0.696476657958,216,110,38
rs7164773_G,1,0.314227316317,277,110,56
rs7164773_G,2,0.589996905158,72,110,16
rs7566605_C,0,-0.364989404024,311,110,58
rs7566605_C,1,-0.664561568894,215,110,38
rs7566605_C,2,2.29498512577,38,110,13
rs7566605_C,-1,2.03380521102,1,110,1
rs1153188_A,0,-0.719127324464,431,110,78
rs1153188_A,1,1.2793604796,125,110,30
rs1153188_A,2,0.208595406258,9,110,2
rs864745_G,0,-0.487128783362,252,110,46
rs864745_G,1,-0.168946398854,252,110,48
rs864745_G,2,1.33348754178,61,110,16
rs2297508_G,0,0.53044099762,255,110,53
rs2297508_G,1,-0.335607370247,247,110,46
rs2297508_G,2,-0.343445230014,62,110,11
rs2297508_G,-1,-0.491689171894,1,110,0
rs1042714_C,0,-0.834266401183,420,110,75
rs1042714_C,1,1.11819605595,133,110,31
rs1042714_C,2,1.21292846912,12,110,4
rs2328848_G,0,-1.03631374981,149,110,24
rs2328848_G,1,-0.0682452309979,290,110,56
rs2328848_G,2,0.922955762565,123,110,28
rs2328848_G,-1,2.06455909637,3,110,2
rs867559_A,0,0.590526585957,135,110,29
rs867559_A,1,0.0832792737955,295,110,58
rs867559_A,2,-0.713633105505,135,110,23
rs1407434_G,0,0.67195675103,177,110,38
rs1407434_G,1,-0.770377516859,240,110,42
rs1407434_G,2,0.246173842237,148,110,30
rs8050136_A,0,0.364217763794,376,110,76
rs8050136_A,1,-0.722482522415,168,110,29
rs8050136_A,2,0.502337431613,21,110,5
rs16835198_A,0,0.292301186698,177,110,36
rs16835198_A,1,1.03182701711,259,110,57
rs16835198_A,2,-1.80443999242,129,110,17
rs11071657_A,0,-0.847602799467,188,110,32
rs11071657_A,1,0.838853723669,265,110,57
rs11071657_A,2,-0.192176528696,112,110,21
rs10830963_G,0,-0.306492097578,335,110,63
rs10830963_G,1,0.332623087143,201,110,41
rs10830963_G,2,0.16600797646,29,110,6
rs4717865_A,0,-0.403883525602,207,110,38
rs4717865_A,1,-0.952919005968,268,110,46
rs4717865_A,2,2.25689948682,90,110,26
rs385194_G,0,0.562335469621,254,110,53
rs385194_G,1,-0.328037591108,252,110,47
rs385194_G,2,-0.488822557975,59,110,10
rs2954029_T,0,-0.243232706119,244,110,46
rs2954029_T,1,-0.410273059935,260,110,48
rs2954029_T,2,1.33348754178,61,110,16
rs1137101_G,0,-1.17116421221,181,110,29
rs1137101_G,1,0.588404379956,273,110,57
rs1137101_G,2,0.57275677914,111,110,24
rs13342692_G,0,0.435692915761,248,110,51
rs13342692_G,1,0.403657615026,249,110,51
rs13342692_G,2,-1.60448334664,68,110,8
rs2943641_A,0,0.276448144185,425,110,85
rs2943641_A,1,-0.954608393193,130,110,21
rs2943641_A,2,1.63966810316,10,110,4
rs17163103_G,0,0.290090247172,389,110,78
rs17163103_G,1,-0.792276773731,159,110,27
rs17163103_G,2,1.03532540273,17,110,5
rs17145738_A,0,0.368080212527,502,110,101
rs17145738_A,1,-1.5767202479,61,110,7
rs17145738_A,2,2.87623491265,2,110,2
rs214678_G,0,-0.616141855323,192,110,34
rs214678_G,1,0.921882985393,243,110,53
rs214678_G,2,-0.511607372943,130,110,23
rs4299376_C,0,-0.166260549126,423,110,81
rs4299376_C,1,0.680219784467,133,110,29
rs4299376_C,2,-1.47506751568,9,110,0
rs4984913_A,0,-0.736184747374,201,110,35
rs4984913_A,1,0.0631542901617,265,110,52
rs4984913_A,2,0.945654431256,99,110,23
rs860674_A,0,0.578255344159,323,110,67
rs860674_A,1,-0.696476657958,216,110,38
rs860674_A,2,-0.0306816936622,26,110,5
rs2144908_G,0,0.766999348539,194,110,42
rs2144908_G,1,-0.8271428396,269,110,47
rs2144908_G,2,0.285468102201,102,110,21
rs4607517_A,0,0.574549884244,353,110,73
rs4607517_A,1,-0.930697361086,196,110,33
rs4607517_A,2,0.558737695335,16,110,4
rs4891825_G,0,0.349234202739,422,110,85
rs4891825_G,1,-0.373492793464,132,110,24
rs4891825_G,2,-0.869283289539,11,110,1
