Feature,Category,Epsilon,Nx,Nc,Ncx
Obesidad,1,9.1312758526,110,97,55
Acintura,5,8.3604595439,169,97,70
Abrazo,5,7.0022948777,132,97,53
uric_com,ALTO,4.026180404,140,97,42
glu_com,ALTO,3.8989405935,23,97,11
rs17145738_A,2,3.1063619454,2,97,2
rs10839880_G,2,3.0123303338,72,97,22
rs10496971_C,2,2.7590285153,93,97,26
rs2028299_C,2,2.75318326,10,97,5
estres5,1,2.7080402338,235,97,56
rs7106340_A,2,2.5488888183,14,97,6
rs798443_G,1,2.5077233976,221,97,52
rs4717865_A,2,2.3895552823,90,97,24
rs7316821_A,2,2.3860500413,46,97,14
rs13292136_A,2,2.344911984,15,97,6
rs2081687_A,1,2.2798747531,139,97,34
rs3812316_C,2,2.2734873381,3,97,2
rs17150703_A,1,2.2507777473,159,97,38
rs3784230_G,0,2.2077412934,160,97,38
rs7957197_A,2,2.132606583,6,97,3
rs6699816_G,2,2.1147121425,20,97,7
rs4994_G,2,2.1012477015,28,97,9
rs35767_A,2,2.0262128536,37,97,11
rs4746136_G,1,1.9691295573,262,97,57
rs6265_A,1,1.9286975413,127,97,30
rs1837606_A,0,1.9106647649,233,97,51
rs1137100_G,2,1.9085306777,56,97,15
rs11206510_G,1,1.896089733,70,97,18
rs9845457_G,1,1.8831265921,193,97,43
rs7480010_G,2,1.8637593717,30,97,9
rs10778660_A,2,1.8305081873,90,97,22
rs12629908_A,2,1.8300304243,139,97,32
rs9522149_G,1,1.7799013418,206,97,45
rs1802295_A,1,1.7250150455,187,97,41
rs4299376_C,1,1.6478328736,133,97,30
rs17302400_A,2,1.6033103925,94,97,22
rs7034200_C,2,1.6033103925,94,97,22
rs731257_G,2,1.5970764038,119,97,27
rs316873_A,0,1.5621977506,181,97,39
rs4929949_A,2,1.5572154519,135,97,30
rs757210_A,2,1.5541699045,56,97,14
rs214678_G,2,1.5539480154,130,97,29
rs2297508_G,0,1.5312949117,255,97,53
rs7238445_A,2,1.5240318028,66,97,16
rs708272_G,2,1.5218757962,146,97,32
rs2354124_G,0,1.4733714423,326,97,66
rs7501939_A,2,1.4669218425,62,97,15
rs3745099_G,2,1.4669218425,62,97,15
rs11724758_A,0,1.4643423875,236,97,49
rs10512572_A,1,1.4543498946,284,97,58
rs11708067_G,2,1.4497462,72,97,17
rs3734398_A,2,1.438388825,34,97,9
rs6104567_A,1,1.4373355787,258,97,53
rs2504853_G,0,1.4172401732,164,97,35
rs4846914_G,2,1.396974438,113,97,25
rs780094_A,1,1.396483786,254,97,52
rs1408888_C,0,1.3922752463,196,97,41
rs2290159_C,1,1.3527585334,150,97,32
rs1884614_G,0,1.3467499488,192,97,40
rs10141971_A,2,1.3386716539,17,97,5
rs757705_A,2,1.3261106123,69,97,16
rs2259816_A,2,1.3241742027,74,97,17
rs918703_G,1,1.3205173539,198,97,41
rs705308_C,1,1.3179879532,177,97,37
rs2036402_G,1,1.3157019442,278,97,56
rs1044498_C,2,1.3004241269,13,97,4
rs13078807_G,2,1.2860023706,9,97,3
rs12439433_G,0,1.2814487572,247,97,50
rs1260326_A,1,1.2814487572,247,97,50
rs11868035_G,0,1.2700415549,226,97,46
rs1424233_G,0,1.2677499993,285,97,57
rs1169288_C,2,1.262189911,70,97,16
rs12779790_G,2,1.2568096462,22,97,6
rs10913469_G,2,1.2568096462,22,97,6
rs13342232_G,0,1.2499533132,248,97,50
rs13342692_G,0,1.2499533132,248,97,50
rs4781011_C,1,1.248012358,216,97,44
rs874299_G,2,1.2442299545,111,97,24
rs7756992_G,0,1.2339372392,270,97,54
rs10236187_A,NA,1.2312609848,2,97,1
rs29941_A,NA,1.2312609848,2,97,1
estres5,6,1.2312609848,2,97,1
rs6548238_A,2,1.2312609848,2,97,1
rs11652805_G,1,1.2274948393,190,97,39
rs11071657_A,1,1.2224585037,265,97,53
rs4457053_G,0,1.2157657677,233,97,47
rs12654264_A,1,1.21564848,276,97,55
rs9370867_A,2,1.2067457623,27,97,7
rs964184_C,2,1.2062139023,81,97,18
rs2125345_G,2,1.2046713538,51,97,12
rs688_A,1,1.1687142757,283,97,56
rs925946_A,0,1.1552838925,376,97,73
rs1513181_G,1,1.1440050743,246,97,49
rs545854_C,2,1.1372293732,72,97,16
rs3846662_G,1,1.1354061086,295,97,58
rs2357442_A,2,1.1330884213,129,97,27
rs1169300_A,2,1.133028268,67,97,15
rs75493593_A,0,1.1321681757,268,97,53
rs1801133_G,2,1.1219885241,124,97,26
rs7745461_A,1,1.1197267714,263,97,52
rs818386_A,1,1.1127191959,247,97,49
rs2237895_A,0,1.1007554102,135,97,28
rs2144908_G,0,1.0840302521,194,97,39
rs838880_G,2,1.0767715425,125,97,26
rs7844723_A,1,1.0741739021,232,97,46
rs7498665_G,0,1.0703610823,141,97,29
rs647325_A,2,1.0637806712,63,97,14
rs1660861_G,0,1.0620040839,200,97,40
rs2241423_G,0,1.0595601418,265,97,52
rs4402960_A,2,1.0573673446,19,97,5
rs7178572_A,0,1.0543069089,211,97,42
Abrazo,1,1.0500165386,6,97,2
rs1760921_G,1,1.0443438786,179,97,36
rs1555543_A,0,1.0443438786,179,97,36
rs4994_G,1,1.0351135399,190,97,38
rs2068888_A,0,1.0307778495,174,97,35
rs439401_G,0,1.0285384935,228,97,45
rs1800775_C,2,1.028283583,105,97,22
rs1529729_A,2,1.028283583,105,97,22
rs316598_G,1,1.0267672331,277,97,54
rs1514175_G,1,1.0267672331,277,97,54
rs2287019_A,1,1.0254792717,79,97,17
rs206936_A,1,1.0243914393,288,97,56
rs6451722_A,0,1.0225372997,431,97,82
rs6235_C,1,1.0214028215,185,97,37
rs10513300_G,1,1.0162270664,261,97,51
rs4810479_A,0,1.0067043734,207,97,41
rs2237892_A,1,1.0060062727,245,97,48
rs6422347_G,1,1.0012615802,132,97,27
rs4891825_G,1,1.0012615802,132,97,27
rs243021_G,0,0.9994585436,191,97,38
rs10830963_G,2,0.9953098712,29,97,7
rs1137101_G,2,0.9925328817,111,97,23
rs713586_G,2,0.9910967463,59,97,13
rs2167270_A,2,0.9874631549,127,97,26
rs7138803_A,1,0.9852718668,186,97,37
rs12310367_G,2,0.9836100415,34,97,8
uric_com,CRITICO,0.9799693153,85,97,18
rs9287423_A,2,0.975531859,15,97,4
rs1169288_C,0,0.9749329145,246,97,48
rs4430796_G,2,0.9681498518,80,97,17
rs7961581_G,1,0.9580139749,133,97,27
rs429358_G,0,0.9578467079,456,97,86
rs1871428_G,1,0.9420552766,258,97,50
rs3792267_A,0,0.9406212165,269,97,52
rs12525751_A,1,0.9306041349,107,97,22
rs7566605_C,1,0.9202584743,215,97,42
rs13400937_C,2,0.9144873634,55,97,12
rs2241766_C,2,0.9058337866,25,97,6
rs7421394_G,0,0.9042638934,145,97,29
rs5443_A,1,0.8973188731,254,97,49
rs13125646_A,2,0.8861673462,92,97,19
rs2306040_G,1,0.8818332719,271,97,52
rs9816226_T,1,0.8710210443,87,97,18
rs3752895_A,2,0.8666468853,103,97,21
rs4712652_G,2,0.8581327884,61,97,13
rs6556352_A,0,0.8561054038,206,97,40
rs266729_C,2,0.8557193516,82,97,17
rs772262_A,1,0.8534487872,283,97,54
rs17300539_A,1,0.8514681382,114,97,23
rs1800795_G,1,0.8514681382,114,97,23
rs1040045_G,2,0.8307387576,16,97,4
rs7498665_G,2,0.8302731242,136,97,27
rs867559_A,1,0.8266193691,295,97,56
rs10007810_A,0,0.823757267,345,97,65
rs4607103_A,2,0.8221077288,46,97,10
rs2259816_A,0,0.8209702251,229,97,44
rs5768007_G,0,0.8002433441,153,97,30
rs9530435_A,2,0.800052945,7,97,2
rs6422347_G,2,0.800052945,7,97,2
rs6449213_G,2,0.7989585663,26,97,6
rs1862513_G,1,0.7956915061,126,97,25
rs2293855_A,2,0.7933656938,62,97,13
rs5925_A,0,0.7929571318,175,97,34
rs757705_A,0,0.7899909112,241,97,46
rs1800592_G,2,0.7778308963,121,97,24
rs1042713_A,2,0.7778308963,121,97,24
rs3737576_G,1,0.7752600731,247,97,47
rs4607517_A,0,0.7616602273,353,97,66
rs1801282_G,1,0.7595556504,116,97,23
rs7754840_C,0,0.7526053665,281,97,53
rs12255372_A,1,0.7521545583,127,97,25
rs738409_C,2,0.7509502894,100,97,20
rs243021_G,2,0.7509502894,100,97,20
rs10146997_G,0,0.750381728,320,97,60
rs2605100_A,0,0.749788253,270,97,51
rs32314_A,2,0.7478803372,68,97,14
rs3810291_G,2,0.7467254693,138,97,27
rs591804_G,1,0.7447862016,248,97,47
rs2328848_G,NA,0.7424738148,3,97,1
rs12439433_G,NA,0.7424738148,3,97,1
rs1552224_C,2,0.7424738148,3,97,1
rs9546651_G,NA,0.7424738148,3,97,1
glu_com,CRITICO,0.7424738148,3,97,1
rs6511720_A,2,0.7424738148,3,97,1
rs1800629_A,2,0.7424738148,3,97,1
rs2054576_G,1,0.7408575737,226,97,43
rs662799_G,1,0.740242669,160,97,31
rs1143634_A,0,0.73160583,455,97,84
rs5219_A,1,0.7309305687,254,97,48
rs1333049_G,1,0.7207483063,271,97,51
rs10108270_A,2,0.719440868,12,97,3
rs1042714_C,2,0.719440868,12,97,3
rs659366_A,2,0.7142135845,117,97,23
rs948028_C,0,0.7115951012,238,97,45
rs4670767_A,1,0.708105609,277,97,52
rs734873_A,1,0.7044688616,266,97,50
rs5215_G,1,0.7009862504,255,97,48
rs10236187_A,1,0.7009862504,255,97,48
rs887912_A,0,0.6957250795,451,97,83
rs17163103_G,2,0.6955173304,17,97,4
rs328_G,1,0.6924007871,53,97,11
rs1470579_C,2,0.6914454343,22,97,5
rs2328848_G,2,0.689381675,123,97,24
rs1040404_G,1,0.6891929625,211,97,40
rs757210_A,1,0.6891929625,211,97,40
rs328384_A,2,0.6876338369,69,97,14
rs909253_G,1,0.6842142765,250,97,47
rs10889353_C,2,0.6816485103,96,97,19
rs4430796_G,1,0.680656293,239,97,45
rs1027872_A,1,0.6772999025,228,97,43
rs2986742_G,1,0.6742456092,107,97,21
rs2191349_A,1,0.6711618211,256,97,48
rs1799884_A,0,0.6708852147,351,97,65
rs10885122_A,1,0.6644189337,140,97,27
rs2943650_G,0,0.6591903337,402,97,74
rs2627037_A,1,0.6541139551,251,97,47
rs1020605_A,1,0.6503420276,75,97,15
rs7809589_C,1,0.6462160213,268,97,50
rs713586_G,0,0.6462160213,268,97,50
rs7756992_G,2,0.6458626762,59,97,12
rs260690_A,0,0.6457347974,229,97,43
rs1695_A,1,0.6446278618,296,97,55
rs35767_A,0,0.6445656651,324,97,60
rs757110_C,1,0.6414562222,257,97,48
rs6699816_G,0,0.6385523577,386,97,71
rs13266634_A,2,0.6349879131,38,97,8
rs7566605_C,2,0.6349879131,38,97,8
rs7923837_G,1,0.634281302,274,97,51
rs340874_G,0,0.6322332485,235,97,44
rs10510228_G,0,0.631475393,185,97,35
rs10141971_A,0,0.6296167069,392,97,72
rs11227699_A,1,0.6281315724,291,97,54
rs539343_G,2,0.6273090808,108,97,21
rs1801253_C,0,0.6248893674,426,97,78
rs660339_A,2,0.6236374154,130,97,25
rs11634397_A,1,0.6226803561,280,97,52
rs662_A,1,0.6172558455,269,97,50
rs8113143_C,2,0.6169265225,81,97,16
rs2271293_A,0,0.6166958602,432,97,79
rs918703_G,2,0.6160352766,33,97,7
rs17302400_A,0,0.612199545,180,97,34
rs8050136_A,0,0.6082607211,376,97,69
rs3752895_A,0,0.596394043,186,97,35
rs32314_A,1,0.5960667922,225,97,42
rs11220462_A,0,0.5941047556,433,97,79
rs10885122_A,2,0.5874210089,8,97,2
rs12525751_A,2,0.5874210089,8,97,2
rs4918842_A,2,0.5867189703,87,97,17
rs1470579_C,1,0.5812431872,192,97,36
rs12130799_G,0,0.5691257541,310,97,57
rs979752_A,2,0.5686146866,18,97,4
rs385194_G,0,0.5645422644,254,97,47
rs7554936_G,1,0.5644629133,226,97,42
rs1325502_A,1,0.5617836016,137,97,26
rs3907047_G,0,0.5615050964,187,97,35
rs1408801_A,2,0.5592033452,93,97,18
rs693_A,2,0.5577982617,104,97,20
rs726344_A,2,0.5538936556,39,97,8
rs3764261_A,0,0.5518776416,232,97,43
rs8192678_A,1,0.5455553357,221,97,41
rs6499640_A,0,0.5400724193,328,97,60
rs3943253_A,2,0.5347647461,110,97,21
rs4984913_A,2,0.5339739075,99,97,19
rs2815752_G,1,0.5329999642,199,97,37
rs2954029_T,0,0.5279199262,244,97,45
rs12544346_A,0,0.5256135913,149,97,28
rs864745_G,2,0.5186054597,61,97,12
rs2954029_T,2,0.5186054597,61,97,12
rs7903146_A,1,0.5147298142,166,97,31
rs3740878_A,2,0.513342832,116,97,22
rs7164773_G,2,0.5121957196,72,97,14
rs1153188_A,0,0.5116077624,431,97,78
rs6589564_G,1,0.5089312582,155,97,29
rs2030763_G,1,0.5054247455,256,97,47
rs3135506_G,2,0.5028842344,29,97,6
rs2504853_G,2,0.4981347091,133,97,25
rs9939609_A,0,0.4956428948,375,97,68
rs7501939_A,1,0.4941663138,217,97,40
rs2073821_A,0,0.4922951584,189,97,35
rs5925_A,1,0.4922924854,279,97,51
rs560887_A,1,0.4857709684,100,97,19
rs7957197_A,1,0.4835734717,89,97,17
rs10838738_G,1,0.4823566335,285,97,52
rs4712652_G,1,0.4786771233,240,97,44
rs1407434_G,1,0.4786771233,240,97,44
rs1799768_A,0,0.4740806155,274,97,50
rs4944217_A,0,0.4712247587,325,97,59
rs8135828_A,1,0.4708471848,156,97,29
rs36633_G,0,0.4704993697,229,97,42
rs1169300_A,0,0.467716435,246,97,45
rs1387153_A,1,0.466117955,201,97,37
rs975351_A,0,0.4555731599,269,97,49
rs1893590_C,0,0.4537672662,207,97,38
rs17145738_A,0,0.451635534,502,97,90
rs16861329_A,0,0.4506340098,224,97,41
rs987237_G,2,0.4502775336,123,97,23
rs2946788_C,1,0.4497308876,179,97,33
rs870347_C,2,0.4480234488,151,97,28
rs945508_A,2,0.4442681825,35,97,7
rs12130799_G,1,0.4418635092,213,97,39
rs11920090_A,0,0.4374330873,440,97,79
rs10468017_A,1,0.4326563009,129,97,24
rs1800588_G,0,0.4286401773,236,97,43
rs1800629_A,1,0.426459599,57,97,11
rs12137855_A,0,0.4240815258,452,97,81
rs6665486_A,1,0.4192805782,225,97,41
rs1111875_A,1,0.4178711258,293,97,53
rs16835198_A,1,0.417622936,259,97,47
rs7647305_A,1,0.4160653477,135,97,25
rs6548616_G,0,0.4160307317,384,97,69
rs3745367_A,1,0.414546549,180,97,33
rs2773080_A,2,0.4113124131,30,97,6
rs2237895_A,1,0.4090429054,299,97,54
rs12544346_A,1,0.4083352459,282,97,51
rs11708067_G,1,0.4079666941,265,97,48
rs10923931_A,0,0.4014141814,493,97,88
rs10010131_A,1,0.3999096409,203,97,37
rs7923837_G,2,0.3991355537,113,97,21
rs2970847_A,0,0.3986237306,476,97,85
rs11084753_A,2,0.3955915892,63,97,12
rs564398_G,0,0.387808623,408,97,73
rs10865710_G,0,0.38188887,164,97,30
rs2228314_C,0,0.3805505543,283,97,51
rs12970134_A,1,0.3754943407,136,97,25
rs8035124_A,2,0.375190864,80,97,15
rs3923113_C,1,0.3689696218,170,97,31
rs662_A,0,0.3689696218,170,97,31
rs17321515_G,0,0.3678146547,238,97,43
rs2241883_G,0,0.3596595506,261,97,47
rs7803075_G,0,0.3581562618,244,97,44
rs2773080_A,1,0.3447697602,182,97,33
rs2230806_A,0,0.3420080826,273,97,49
rs9546651_G,1,0.3420080826,273,97,49
rs13400937_C,0,0.3420080826,273,97,49
rs1805081_G,0,0.3393044707,313,97,56
rs17321515_G,2,0.3355809106,64,97,12
rs2627037_A,2,0.3335795596,154,97,28
rs13125646_A,0,0.3334043321,188,97,34
rs7803075_G,1,0.3308462413,262,97,47
rs16928751_A,0,0.3277661337,508,97,90
rs9809104_G,1,0.3260613115,228,97,41
rs12130333_A,1,0.3240790161,211,97,38
rs10108270_A,1,0.3232104752,126,97,23
rs9522149_G,2,0.32299918,42,97,8
rs1529729_A,1,0.3222479183,268,97,48
rs614080_A,1,0.3193545487,251,97,45
rs7238445_A,1,0.3193545487,251,97,45
rs545854_C,1,0.3166379571,234,97,42
rs6548238_A,0,0.3152735567,457,97,81
rs4463276_G,1,0.3045527686,223,97,40
rs2125345_G,1,0.3045527686,223,97,40
rs17782313_G,1,0.3024168964,87,97,16
rs2416791_A,1,0.3021439001,263,97,47
rs2330442_A,1,0.2986442752,246,97,44
rs17163103_G,0,0.2979344577,389,97,69
rs13292136_A,1,0.297391127,172,97,31
rs10865710_G,1,0.2938904744,269,97,48
rs12255372_A,2,0.2908417965,15,97,3
rs864745_G,0,0.290041367,252,97,45
rs1044498_C,1,0.2840792341,161,97,29
rs9319336_A,2,0.2823885984,144,97,26
rs29941_A,1,0.2816815405,258,97,46
rs10830963_G,1,0.2790748836,201,97,36
rs1342387_G,1,0.2780272057,281,97,50
rs7528419_G,0,0.2758649754,367,97,65
rs646776_G,1,0.2757659343,184,97,33
rs4402960_A,1,0.2757659343,184,97,33
rs10938397_G,0,0.2735515764,264,97,47
rs3812316_C,0,0.2715119004,505,97,89
rs1111875_A,2,0.2700362097,82,97,15
rs1519543_C,0,0.2695059369,373,97,66
rs7997709_A,2,0.2681950762,133,97,24
rs726344_A,1,0.2619173178,173,97,31
rs2943641_A,0,0.2618150343,425,97,75
rs4607103_A,0,0.2579333168,276,97,49
rs1042713_A,0,0.2515265573,179,97,32
rs693_A,0,0.251185364,219,97,39
rs174537_C,0,0.2485896366,305,97,54
rs6449213_G,1,0.2463510111,202,97,36
rs10839880_G,0,0.2424943643,225,97,40
rs896854_A,0,0.2415479645,185,97,33
rs1333049_G,2,0.2401954549,128,97,23
rs1369093_G,2,0.2401954549,128,97,23
rs4666200_G,0,0.2395645146,380,97,67
rs1562194_C,1,0.2374934095,271,97,48
rs2271293_A,2,0.2374713324,10,97,2
rs1800591_A,2,0.2374713324,10,97,2
rs7944584_T,2,0.2374713324,10,97,2
rs7809589_C,0,0.2368177845,168,97,30
rs1408888_C,2,0.2357524641,94,97,17
rs1552224_C,0,0.2354789549,501,97,88
rs7164773_G,1,0.2301131728,277,97,49
rs6065906_G,0,0.229765188,484,97,85
rs11605924_C,1,0.2289745889,300,97,53
rs4880436_A,0,0.2289745889,300,97,53
rs1296819_A,0,0.2282450553,323,97,57
rs860674_A,0,0.2282450553,323,97,57
rs734312_G,0,0.2241275571,260,97,46
rs1800591_A,1,0.2238968467,117,97,21
rs4821004_A,0,0.2227062076,197,97,35
rs1800849_A,0,0.2225681412,421,97,74
rs10195252_G,1,0.2213751462,157,97,28
rs266729_C,0,0.2179850129,243,97,43
rs948028_C,1,0.2179850129,243,97,43
rs9987289_A,0,0.2166932405,266,97,47
rs5768007_G,2,0.216184071,140,97,25
rs2016520_G,1,0.216184071,140,97,25
rs1950993_C,0,0.2137902446,203,97,36
rs7554936_G,2,0.2048102502,38,97,7
rs7557067_G,2,0.2048102502,38,97,7
rs13266634_A,1,0.196855291,215,97,38
rs2228314_C,1,0.196855291,215,97,38
rs2702414_A,1,0.1955176717,261,97,46
rs1471939_A,1,0.1955176717,261,97,46
rs1342387_G,2,0.1933609113,112,97,20
rs3740878_A,0,0.1897889301,198,97,35
rs867559_A,0,0.1878353269,135,97,24
rs2844479_C,0,0.1844546516,158,97,28
rs7106340_A,0,0.1829516146,417,97,73
rs1950993_C,1,0.1815142565,273,97,48
rs518417_A,1,0.1790781309,61,97,11
rs7754840_C,2,0.1783057748,44,97,8
rs972283_A,1,0.1739505944,256,97,45
rs10195252_G,0,0.1688357761,383,97,67
rs2287019_A,2,0.1679175895,5,97,1
rs2036402_G,NA,0.1679175895,5,97,1
rs7903146_A,2,0.1677904553,16,97,3
rs1862513_G,2,0.1677904553,16,97,3
rs260690_A,2,0.1674554613,84,97,15
rs4908343_G,0,0.1669720306,360,97,63
rs964184_C,0,0.166065563,239,97,42
rs2844479_C,1,0.1602638669,268,97,47
rs10889337_A,1,0.1602638669,268,97,47
rs3118378_A,0,0.1555066945,297,97,52
rs1805081_G,2,0.1544173306,33,97,6
rs3856806_A,0,0.1530388085,453,97,79
rs2112347_C,1,0.1519748456,251,97,44
rs2131925_C,2,0.1496758326,113,97,20
rs10889337_A,2,0.1496758326,113,97,20
rs174546_G,0,0.149375598,303,97,53
rs539343_G,0,0.1482057698,182,97,32
rs343473_A,0,0.145654185,436,97,76
rs9530435_A,0,0.1408670536,442,97,77
rs12654264_A,2,0.1403534881,96,97,17
rs10913469_G,1,0.1400024352,188,97,33
rs9287423_A,1,0.1388458268,165,97,29
rs614080_A,0,0.1386273258,263,97,46
rs439401_G,1,0.1386273258,263,97,46
rs591804_G,2,0.1367268116,56,97,10
rs4457053_G,2,0.130429135,79,97,14
rs2054576_G,2,0.1292669047,39,97,7
rs10007810_A,2,0.1260812225,22,97,4
rs174550_A,0,0.1230185531,304,97,53
rs7944584_T,0,0.1190777446,443,97,77
rs646776_G,0,0.1186538945,362,97,63
rs1040045_G,1,0.1180994966,131,97,23
rs1137100_G,1,0.1132815021,235,97,41
rs2373067_G,0,0.1116832471,316,97,55
rs1369093_G,1,0.1042562714,270,97,47
rs8113143_C,0,0.1029930619,218,97,38
rs2016520_G,0,0.1025774318,409,97,71
rs1837606_A,2,0.0911154066,74,97,13
rs9809104_G,2,0.0906953883,51,97,9
rs734312_G,2,0.0906953883,51,97,9
rs1325502_A,2,0.0891528874,11,97,2
rs2986742_G,2,0.0891528874,11,97,2
rs7528419_G,1,0.0875952492,178,97,31
rs2972146_C,0,0.0843565598,433,97,75
rs7997709_A,0,0.0829369458,155,97,27
rs3135506_G,1,0.0829369458,155,97,27
rs1501299_A,0,0.0806953342,323,97,56
rs11605924_C,2,0.0780256882,132,97,23
rs10510228_G,2,0.0780256882,132,97,23
rs987237_G,1,0.0764084439,271,97,47
rs4666200_G,1,0.0750886517,161,97,28
rs3907047_G,2,0.0728270925,109,97,19
rs4880436_A,1,0.0719937849,219,97,38
rs2702414_A,2,0.069518583,138,97,24
rs12779790_G,1,0.0675531982,167,97,29
rs10778660_A,0,0.0653773514,254,97,44
rs6665486_A,0,0.0599103724,289,97,50
rs10496971_C,0,0.059771492,202,97,35
rs870347_C,1,0.0596703236,260,97,45
rs3810291_G,0,0.0536504801,150,97,26
rs8042680_C,0,0.0512760223,359,97,62
rs560887_A,0,0.0498919442,452,97,78
rs8135828_A,0,0.0477633154,394,97,68
rs4821004_A,2,0.0469367876,98,97,17
rs328384_A,0,0.0422357176,249,97,43
rs738409_C,0,0.0400734312,191,97,33
rs1042714_C,1,0.0382554433,133,97,23
rs2328848_G,1,0.0330729895,290,97,50
rs3734398_A,0,0.0316805926,354,97,61
rs2416791_A,2,0.0290876222,110,97,19
rs2230806_A,2,0.02668538,52,97,9
rs1501299_A,1,0.021751683,209,97,36
rs979752_A,0,0.0206253673,401,97,69
rs2241766_C,0,0.0162190017,343,97,59
rs1800592_G,1,0.0160163651,279,97,48
rs7557067_G,1,0.0160044952,215,97,37
rs1408801_A,1,0.0133577624,250,97,43
rs2972146_C,1,0.0131726449,122,97,21
rs4908343_G,2,0.0104585976,29,97,5
rs1471939_A,0,0.0104185915,221,97,38
rs757110_C,2,0.0009434168,99,97,17
MAT,0,0,565,97,97
PAT,0,0,565,97,97
SEX,0,0,565,97,97
PHENOTYPE,-9,0,565,97,97
rs6511720_A,0,-0.0014678118,501,97,86
rs2293855_A,0,-0.0017201846,268,97,46
rs4717865_A,1,-0.0017201846,268,97,46
rs11634397_A,0,-0.0028882703,169,97,29
rs8042680_C,1,-0.0028882703,169,97,29
rs8192678_A,2,-0.0039666802,35,97,6
rs17782313_G,0,-0.004104628,472,97,81
rs13078807_G,0,-0.004104628,472,97,81
rs2036402_G,2,-0.0068704916,105,97,18
rs3856806_A,1,-0.0068704916,105,97,18
rs2068888_A,2,-0.0142554094,111,97,19
rs860674_A,1,-0.0150093605,216,97,37
rs1800775_C,1,-0.0154048576,251,97,43
rs7421394_G,1,-0.0158191464,286,97,49
rs8035124_A,0,-0.0201601934,222,97,38
rs9987289_A,1,-0.0202010403,257,97,44
rs9319336_A,1,-0.0202010403,257,97,44
rs12310367_G,0,-0.0246910934,333,97,57
rs174550_A,2,-0.0266997309,47,97,8
rs174537_C,2,-0.0266997309,47,97,8
rs174546_G,2,-0.0266997309,47,97,8
rs2131925_C,1,-0.0294748967,269,97,46
rs838880_G,0,-0.0322516512,164,97,28
rs11084753_A,1,-0.0348404235,240,97,41
rs16861329_A,1,-0.0348404235,240,97,41
rs972283_A,2,-0.0377591216,94,97,16
rs3943253_A,0,-0.0431613185,176,97,30
rs4670767_A,0,-0.0431613185,176,97,30
rs3745099_G,1,-0.044053174,252,97,43
rs5215_G,2,-0.0445876734,100,97,17
rs5219_A,2,-0.0445876734,100,97,17
rs688_A,2,-0.0445876734,100,97,17
rs385194_G,2,-0.0446054639,59,97,10
rs11920090_A,2,-0.0460658936,12,97,2
rs7961581_G,2,-0.0460658936,12,97,2
rs10889353_C,1,-0.0485053275,258,97,44
rs2241883_G,1,-0.0485053275,258,97,44
rs12970134_A,0,-0.0580321549,422,97,72
rs2112347_C,0,-0.0597024133,235,97,40
rs518417_A,0,-0.0623005961,504,97,86
rs3745367_A,2,-0.0651470115,24,97,4
rs1296819_A,2,-0.0651470115,24,97,4
rs945508_A,1,-0.0676905342,206,97,35
rs2373067_G,1,-0.0722056687,212,97,36
rs1801133_G,1,-0.0733588197,294,97,50
rs7647305_A,0,-0.0733887613,411,97,70
rs16835198_A,0,-0.0772589298,177,97,30
rs2167270_A,1,-0.0810284322,306,97,52
rs2131925_C,0,-0.081879968,183,97,31
rs7557067_G,0,-0.084762663,312,97,53
rs2946788_C,0,-0.0851840399,353,97,60
rs945508_A,0,-0.0920435598,324,97,55
rs7480010_G,0,-0.0921246905,365,97,62
rs4463276_G,2,-0.0921317872,48,97,8
rs2073821_A,1,-0.0923476785,283,97,48
rs659366_A,1,-0.0923476785,283,97,48
rs4984913_A,0,-0.0950112593,201,97,34
rs1513181_G,0,-0.0991698411,207,97,35
rs29941_A,2,-0.0997838884,113,97,19
rs3118378_A,1,-0.1071977942,219,97,37
rs2028299_C,1,-0.1091464332,125,97,21
rs896854_A,2,-0.1174454452,78,97,13
rs2112347_C,2,-0.1174454452,78,97,13
rs10468017_A,0,-0.1210648637,419,97,71
rs1800588_G,2,-0.1218788984,84,97,14
rs7745461_A,2,-0.1220628699,143,97,24
rs3923113_C,0,-0.1221506615,378,97,64
rs10938397_G,1,-0.1222402144,243,97,41
rs896854_A,1,-0.1293669229,302,97,51
rs1893590_C,2,-0.130294023,96,97,16
rs174550_A,1,-0.1341098267,214,97,36
rs1562194_C,2,-0.1343040048,102,97,17
rs2330442_A,2,-0.1381976809,108,97,18
rs1137101_G,1,-0.1394733958,273,97,46
rs1042714_C,0,-0.1431352426,420,97,71
rs343473_A,1,-0.1456731463,120,97,20
rs1800591_A,0,-0.1516005745,438,97,74
rs8042680_C,2,-0.1535477372,37,97,6
rs2373067_G,2,-0.1535477372,37,97,6
rs4918842_A,0,-0.1543563661,250,97,42
rs3118378_A,2,-0.1562244798,49,97,8
rs12130333_A,0,-0.1583312571,309,97,52
rs6265_A,2,-0.1593588259,19,97,3
estres5,5,-0.1593588259,19,97,3
rs3792267_A,2,-0.1604491978,61,97,10
rs6511720_A,1,-0.1604491978,61,97,10
rs2241423_G,2,-0.1604491978,61,97,10
rs11084753_A,0,-0.1606387535,262,97,44
rs3764261_A,2,-0.1628441438,67,97,11
rs328_G,0,-0.1628898702,509,97,86
rs9370867_A,0,-0.1629451829,368,97,62
rs972283_A,0,-0.1648463006,215,97,36
rs174546_G,1,-0.1648463006,215,97,36
rs3135506_G,0,-0.1685378495,380,97,64
rs35767_A,NA,-0.1705260867,13,97,2
rs11868035_G,2,-0.1705401146,85,97,14
rs4918842_A,1,-0.1710214649,227,97,38
rs3737576_G,2,-0.1731861563,91,97,15
rs4908343_G,1,-0.1754136969,174,97,29
rs2191349_A,2,-0.1785089102,103,97,17
rs1562194_C,0,-0.1842635745,192,97,32
rs3784230_G,2,-0.1864575434,121,97,20
rs8035124_A,1,-0.1884058227,263,97,44
rs9546651_G,2,-0.1916841895,133,97,22
rs2330442_A,0,-0.1927074589,210,97,35
rs1801282_G,0,-0.1946633176,440,97,74
rs1040404_G,0,-0.1965509551,281,97,47
rs6548616_G,1,-0.1993761639,151,97,25
rs1800629_A,0,-0.2005010957,505,97,85
rs9319336_A,0,-0.2043959074,163,97,27
rs874299_G,0,-0.2043959074,163,97,27
rs975351_A,1,-0.2060129392,240,97,40
rs206936_A,0,-0.2068723634,169,97,28
rs1799768_A,1,-0.2135987615,258,97,43
rs780094_A,2,-0.216851148,68,97,11
rs909253_G,2,-0.216851148,68,97,11
rs4781011_C,2,-0.2171492924,74,97,12
rs4821004_A,1,-0.2185097194,270,97,45
rs36633_G,2,-0.2186380411,86,97,14
rs6589564_G,0,-0.2194275084,394,97,66
rs316873_A,1,-0.2209242648,276,97,46
rs1387153_A,0,-0.2216309978,341,97,57
rs4463276_G,0,-0.2280145403,294,97,49
rs7316821_A,1,-0.2281788545,223,97,37
rs1040045_G,0,-0.228645366,418,97,70
rs1800849_A,1,-0.2302963967,134,97,22
rs10010131_A,2,-0.2314837027,32,97,5
rs75493593_A,1,-0.2326863287,235,97,39
rs979752_A,1,-0.2338359442,146,97,24
rs660339_A,0,-0.2374760292,158,97,26
rs9370867_A,1,-0.241180143,170,97,28
rs2030763_G,0,-0.241180143,170,97,28
rs10010131_A,0,-0.2415715841,330,97,55
rs1519543_C,1,-0.2430477525,176,97,29
rs4984913_A,1,-0.2436267537,265,97,44
rs9816226_T,0,-0.2461187353,466,97,78
rs7997709_A,1,-0.2478792634,277,97,46
rs660339_A,1,-0.2478792634,277,97,46
rs10838738_G,0,-0.2505665885,200,97,33
rs1020605_A,0,-0.2544335704,490,97,82
rs1296819_A,1,-0.2562111356,218,97,36
rs647325_A,1,-0.2618279629,236,97,39
rs13342232_G,1,-0.2655480215,248,97,41
rs316598_G,2,-0.2661872515,87,97,14
rs734312_G,1,-0.2673992572,254,97,42
rs2605100_A,2,-0.2700813262,69,97,11
rs647325_A,0,-0.2710823806,266,97,44
rs4929949_A,1,-0.2747379327,278,97,46
rs3745367_A,0,-0.2759248267,361,97,60
rs4846914_G,0,-0.2765799131,177,97,29
rs1407434_G,0,-0.2765799131,177,97,29
rs9287423_A,0,-0.2834517822,385,97,64
rs174537_C,1,-0.2849279979,213,97,35
rs12130333_A,2,-0.2868592154,45,97,7
rs214678_G,1,-0.2923528281,243,97,40
rs36633_G,1,-0.2938654153,249,97,41
rs13342692_G,1,-0.2938654153,249,97,41
rs10108270_A,0,-0.2961794077,427,97,71
rs1800795_G,0,-0.2997195416,439,97,73
rs3943253_A,1,-0.3015010484,279,97,46
rs7844723_A,0,-0.3015010484,279,97,46
rs6556352_A,1,-0.3015010484,279,97,46
rs1027872_A,0,-0.3015010484,279,97,46
rs2943641_A,1,-0.3066731845,130,97,21
rs708272_G,0,-0.3070954744,148,97,24
rs1407434_G,2,-0.3070954744,148,97,24
rs1501299_A,2,-0.3072006154,33,97,5
rs7944584_T,1,-0.3077809001,112,97,18
rs2702414_A,0,-0.3085464633,166,97,27
rs1660861_G,2,-0.3086220434,106,97,17
rs10889337_A,0,-0.3107124329,184,97,30
rs2241766_C,1,-0.3124489597,196,97,32
rs1514175_G,2,-0.3156469322,82,97,13
rs1471939_A,2,-0.3156469322,82,97,13
rs2815752_G,0,-0.3168564016,339,97,56
rs1800588_G,1,-0.3208983957,244,97,40
rs1260326_A,2,-0.3225596439,70,97,11
rs2986742_G,0,-0.3226936306,446,97,74
rs2815752_G,2,-0.324267761,27,97,4
rs1893590_C,1,-0.3244670851,262,97,43
rs4810479_A,1,-0.3256882876,268,97,44
rs9809104_G,0,-0.3294267857,286,97,47
rs10938397_G,2,-0.3334068164,58,97,9
rs1325502_A,0,-0.3364838741,417,97,69
rs1369093_G,0,-0.3428506404,167,97,27
rs6499640_A,1,-0.3436806137,191,97,31
rs1408801_A,0,-0.346339238,221,97,36
rs12779790_G,0,-0.3490298288,376,97,62
rs340874_G,1,-0.3493285567,245,97,40
rs1801253_C,NA,-0.3501294714,8,97,1
rs7903146_A,0,-0.3503602413,382,97,63
rs2028299_C,0,-0.3610086982,430,97,71
rs734873_A,2,-0.3637113561,83,97,13
rs2773080_A,0,-0.3674654622,353,97,58
rs726344_A,0,-0.3674654622,353,97,58
rs6065906_G,1,-0.3685233969,77,97,12
rs6235_C,0,-0.3685928557,359,97,59
rs1760921_G,0,-0.3697270912,365,97,60
rs12310367_G,1,-0.3755752817,198,97,32
rs4944217_A,1,-0.375597206,204,97,33
rs29941_A,0,-0.3756402649,192,97,31
rs2416791_A,0,-0.3756402649,192,97,31
rs2230806_A,1,-0.3771854548,240,97,39
rs9546651_G,0,-0.3784063169,156,97,25
rs2030763_G,2,-0.3819526745,138,97,22
rs13266634_A,0,-0.385019118,312,97,51
rs11227699_A,2,-0.3877476394,120,97,19
rs10913469_G,0,-0.3911430642,354,97,58
rs1519543_C,2,-0.393848266,15,97,2
rs662799_G,2,-0.393848266,15,97,2
rs1884614_G,2,-0.3968706579,102,97,16
rs2144908_G,2,-0.3968706579,102,97,16
rs1044498_C,0,-0.396894768,390,97,64
rs662799_G,0,-0.396894768,390,97,64
rs2293855_A,1,-0.4056702442,235,97,38
rs328384_A,1,-0.4058468565,247,97,40
rs2357442_A,1,-0.4058468565,247,97,40
rs10889353_C,0,-0.4061488766,211,97,34
rs17300539_A,0,-0.4071015655,450,97,74
rs7034200_C,0,-0.408864619,181,97,29
rs9939609_A,1,-0.4108564564,169,97,27
rs340874_G,2,-0.4112132582,84,97,13
rs13078807_G,1,-0.4112132582,84,97,13
rs6449213_G,0,-0.4126480397,337,97,55
rs5443_A,2,-0.4177019003,78,97,12
rs2844479_C,2,-0.4191912197,139,97,22
rs11605924_C,0,-0.4216238224,133,97,21
rs2287019_A,0,-0.4327128769,481,97,79
rs8113143_C,1,-0.4336742542,266,97,43
rs3764261_A,1,-0.4336742542,266,97,43
rs1805081_G,1,-0.4358132343,218,97,35
rs4402960_A,0,-0.4388467325,362,97,59
rs1387153_A,2,-0.4392829894,22,97,3
rs10146997_G,2,-0.4392829894,22,97,3
rs11652805_G,2,-0.4392829894,22,97,3
rs1695_A,2,-0.4450944873,97,97,15
rs4891825_G,0,-0.445293976,422,97,69
rs7957197_A,0,-0.4513862615,470,97,77
rs4944217_A,2,-0.4522015429,35,97,5
rs818386_A,2,-0.4532999117,146,97,23
rs560887_A,NA,-0.4552636129,1,97,0
rs1760921_G,NA,-0.4552636129,1,97,0
rs7554936_G,NA,-0.4552636129,1,97,0
rs4918842_A,NA,-0.4552636129,1,97,0
rs1800588_G,NA,-0.4552636129,1,97,0
rs5219_A,NA,-0.4552636129,1,97,0
rs11868035_G,NA,-0.4552636129,1,97,0
rs17300539_A,2,-0.4552636129,1,97,0
rs2330442_A,NA,-0.4552636129,1,97,0
rs2605100_A,NA,-0.4552636129,1,97,0
rs10923931_A,2,-0.4552636129,1,97,0
rs1387153_A,NA,-0.4552636129,1,97,0
rs13292136_A,NA,-0.4552636129,1,97,0
rs12130799_G,NA,-0.4552636129,1,97,0
rs2030763_G,NA,-0.4552636129,1,97,0
rs340874_G,NA,-0.4552636129,1,97,0
rs1044498_C,NA,-0.4552636129,1,97,0
rs10839880_G,NA,-0.4552636129,1,97,0
rs1519543_C,NA,-0.4552636129,1,97,0
rs7754840_C,NA,-0.4552636129,1,97,0
rs738409_C,NA,-0.4552636129,1,97,0
rs10146997_G,NA,-0.4552636129,1,97,0
rs6556352_A,NA,-0.4552636129,1,97,0
rs7756992_G,NA,-0.4552636129,1,97,0
rs1424233_G,NA,-0.4552636129,1,97,0
rs2986742_G,NA,-0.4552636129,1,97,0
rs1513181_G,NA,-0.4552636129,1,97,0
rs4670767_A,NA,-0.4552636129,1,97,0
rs4846914_G,NA,-0.4552636129,1,97,0
rs10838738_G,NA,-0.4552636129,1,97,0
rs7903146_A,NA,-0.4552636129,1,97,0
rs1799884_A,NA,-0.4552636129,1,97,0
rs1805081_G,NA,-0.4552636129,1,97,0
rs3810291_G,NA,-0.4552636129,1,97,0
rs7923837_G,NA,-0.4552636129,1,97,0
rs7498665_G,NA,-0.4552636129,1,97,0
rs4712652_G,NA,-0.4552636129,1,97,0
rs9319336_A,NA,-0.4552636129,1,97,0
rs12137855_A,NA,-0.4552636129,1,97,0
rs36633_G,NA,-0.4552636129,1,97,0
rs6548238_A,NA,-0.4552636129,1,97,0
rs10195252_G,NA,-0.4552636129,1,97,0
rs1169288_C,NA,-0.4552636129,1,97,0
rs1169300_A,NA,-0.4552636129,1,97,0
rs1040404_G,NA,-0.4552636129,1,97,0
rs7647305_A,NA,-0.4552636129,1,97,0
rs75493593_A,NA,-0.4552636129,1,97,0
rs2504853_G,NA,-0.4552636129,1,97,0
rs4944217_A,NA,-0.4552636129,1,97,0
rs12544346_A,NA,-0.4552636129,1,97,0
rs1471939_A,NA,-0.4552636129,1,97,0
rs874299_G,NA,-0.4552636129,1,97,0
rs2112347_C,NA,-0.4552636129,1,97,0
rs243021_G,NA,-0.4552636129,1,97,0
rs1408801_A,NA,-0.4552636129,1,97,0
rs2241766_C,NA,-0.4552636129,1,97,0
rs2167270_A,NA,-0.4552636129,1,97,0
rs10913469_G,NA,-0.4552636129,1,97,0
rs3135506_G,NA,-0.4552636129,1,97,0
rs757210_A,NA,-0.4552636129,1,97,0
rs7566605_C,NA,-0.4552636129,1,97,0
rs2297508_G,NA,-0.4552636129,1,97,0
rs10236187_A,2,-0.4561682231,140,97,22
rs564398_G,1,-0.4561682231,140,97,22
rs1555543_A,1,-0.4599905598,303,97,49
rs8192678_A,0,-0.4600417471,309,97,50
rs738409_C,1,-0.4604610481,273,97,44
rs10838738_G,2,-0.4662709562,79,97,12
rs11724758_A,2,-0.4662709562,79,97,12
rs10885122_A,0,-0.4663427462,417,97,68
rs12255372_A,0,-0.4669029867,423,97,69
rs1862513_G,0,-0.4669029867,423,97,69
rs9530435_A,1,-0.4715084416,116,97,18
rs2357442_A,0,-0.4721527074,189,97,30
rs2306040_G,0,-0.4759008964,177,97,28
rs987237_G,0,-0.4780764776,171,97,27
rs659366_A,0,-0.4804796373,165,97,26
rs343473_A,2,-0.481859769,9,97,1
rs1153188_A,2,-0.481859769,9,97,1
rs7178572_A,1,-0.487672339,268,97,43
rs6589564_G,2,-0.4951578471,16,97,2
rs4607517_A,2,-0.4951578471,16,97,2
rs9845457_G,2,-0.4953619712,42,97,6
rs9987289_A,2,-0.4953619712,42,97,6
rs16835198_A,2,-0.5012531929,129,97,20
rs10830963_G,0,-0.5090135154,335,97,54
rs1342387_G,0,-0.5113982195,172,97,27
rs1695_A,0,-0.5113982195,172,97,27
rs539343_G,1,-0.5136904464,275,97,44
rs3907047_G,1,-0.5145229532,269,97,43
rs17321515_G,1,-0.5154389713,263,97,42
rs12439433_G,1,-0.5175439672,251,97,40
rs3740878_A,1,-0.5175439672,251,97,40
rs11227699_A,0,-0.5211707859,154,97,24
rs870347_C,0,-0.5211707859,154,97,24
rs7961581_G,0,-0.5313180206,420,97,68
rs12525751_A,0,-0.5321082962,450,97,73
rs7554936_G,0,-0.5365321728,300,97,48
rs3810291_G,1,-0.5401626525,276,97,44
rs2237892_A,0,-0.5401626525,276,97,44
rs2073821_A,2,-0.5407092398,93,97,14
rs731257_G,1,-0.5437856296,258,97,41
rs864745_G,1,-0.5451949854,252,97,40
rs385194_G,1,-0.5451949854,252,97,40
rs7138803_A,0,-0.5559809442,349,97,56
rs734873_A,0,-0.5563043827,216,97,34
rs7164773_G,0,-0.5563043827,216,97,34
rs7138803_A,2,-0.5569855594,30,97,4
rs1799884_A,1,-0.564030019,198,97,31
rs772262_A,0,-0.5670169553,192,97,30
rs975351_A,2,-0.5719947348,56,97,8
rs909253_G,0,-0.5745764178,247,97,39
rs705308_C,0,-0.5782218893,362,97,58
rs10236187_A,0,-0.5815433668,168,97,26
rs8050136_A,1,-0.5815433668,168,97,26
rs7034200_C,1,-0.5898016467,290,97,46
rs874299_G,1,-0.5898016467,290,97,46
rs3923113_C,2,-0.5907913166,17,97,2
rs10468017_A,2,-0.5907913166,17,97,2
rs564398_G,2,-0.5907913166,17,97,2
rs2354124_G,2,-0.5940585344,50,97,7
rs1800849_A,2,-0.6010993101,10,97,1
rs2972146_C,2,-0.6010993101,10,97,1
rs2943650_G,2,-0.6010993101,10,97,1
rs2943641_A,2,-0.6010993101,10,97,1
rs10510228_G,1,-0.6023260958,248,97,39
rs1470579_C,0,-0.602995038,351,97,56
rs693_A,1,-0.6046182341,242,97,38
rs1137101_G,0,-0.6059708559,181,97,28
rs11206510_G,0,-0.6138209887,490,97,79
rs16861329_A,2,-0.6173933887,101,97,15
rs1871428_G,2,-0.6173933887,101,97,15
rs2290159_C,0,-0.6188989472,406,97,65
rs2191349_A,0,-0.621968097,206,97,32
rs1871428_G,0,-0.621968097,206,97,32
rs3846662_G,2,-0.6298221325,120,97,18
rs12629908_A,0,-0.6309759057,151,97,23
rs4607103_A,1,-0.6325780555,243,97,38
rs731257_G,0,-0.6336051527,188,97,29
rs266729_C,1,-0.6353525071,237,97,37
rs10513300_G,0,-0.6353525071,237,97,37
rs1950993_C,2,-0.6407846004,89,97,13
rs2605100_A,1,-0.6414367055,225,97,35
rs6104567_A,NA,-0.6438399759,2,97,0
rs1800775_C,NA,-0.6438399759,2,97,0
rs4908343_G,NA,-0.6438399759,2,97,0
estres5,8,-0.6438399759,2,97,0
rs2237895_A,NA,-0.6438399759,2,97,0
rs2228314_C,NA,-0.6438399759,2,97,0
rs16928751_A,2,-0.6438399759,2,97,0
rs4994_G,NA,-0.6438399759,2,97,0
rs13292136_A,0,-0.6451624835,377,97,60
rs4846914_G,1,-0.6473241898,274,97,43
rs7480010_G,1,-0.6479466529,170,97,26
rs1800775_C,0,-0.6521069483,207,97,32
rs1555543_A,2,-0.6547834754,83,97,12
rs6422347_G,0,-0.6599086406,426,97,68
Abrazo,4,-0.6727638793,146,97,22
rs3734398_A,1,-0.6752218797,177,97,27
rs2144908_G,1,-0.6762056388,269,97,42
rs7647305_A,2,-0.6814526205,18,97,2
rs1027872_A,2,-0.6816043234,58,97,8
rs3745099_G,0,-0.6849236704,251,97,39
rs772262_A,2,-0.6852037404,90,97,13
rs1800592_G,0,-0.6869214587,165,97,25
rs12137855_A,1,-0.6891600792,109,97,16
rs2054576_G,0,-0.6896335251,300,97,47
rs17163103_G,1,-0.6934345863,159,97,24
rs5443_A,0,-0.6952064746,233,97,36
rs1111875_A,0,-0.6963181543,190,97,29
rs3737576_G,0,-0.6990385561,227,97,35
rs838880_G,1,-0.6997818464,276,97,43
rs11220462_A,1,-0.7070735848,122,97,18
glu_com,NORMAL,-0.7092065086,531,97,85
rs4891825_G,2,-0.7103928487,11,97,1
rs757110_C,0,-0.7119618042,209,97,32
rs260690_A,1,-0.7122422559,252,97,39
rs4299376_C,0,-0.7247721826,423,97,67
rs10146997_G,1,-0.7320670212,222,97,34
rs1042713_A,1,-0.7323218395,265,97,41
rs1660861_G,1,-0.7357979522,259,97,40
rs1040404_G,2,-0.7378715875,72,97,10
rs5215_G,0,-0.7416808082,210,97,32
rs5219_A,0,-0.7416808082,210,97,32
rs4880436_A,2,-0.7418345836,46,97,6
rs6499640_A,2,-0.7418345836,46,97,6
rs2241883_G,2,-0.7418345836,46,97,6
rs7316821_A,0,-0.7425632839,296,97,46
rs5768007_G,1,-0.7552794578,272,97,42
rs2306040_G,2,-0.7567366291,117,97,17
rs860674_A,2,-0.76121974,26,97,3
rs2954029_T,1,-0.7626158436,260,97,40
rs6556352_A,2,-0.7646210017,79,97,11
rs2946788_C,2,-0.7688185613,33,97,4
rs1799768_A,2,-0.7688185613,33,97,4
rs2125345_G,0,-0.7709262663,291,97,45
rs13125646_A,1,-0.7742727518,285,97,44
rs2328848_G,0,-0.7778465949,149,97,22
rs1801253_C,1,-0.7831159571,124,97,18
rs6548238_A,1,-0.7832360476,105,97,15
rs266729_C,NA,-0.7885397084,3,97,0
rs9845457_G,NA,-0.7885397084,3,97,0
rs328_G,2,-0.7885397084,3,97,0
rs2970847_A,2,-0.7885397084,3,97,0
uric_com,BAJO,-0.7885397084,3,97,0
rs12137855_A,2,-0.7885397084,3,97,0
rs429358_G,NA,-0.7885397084,3,97,0
rs591804_G,0,-0.7893336019,261,97,40
rs2970847_A,1,-0.7905384725,86,97,12
rs7178572_A,2,-0.7905384725,86,97,12
rs11652805_G,0,-0.7908875958,353,97,55
rs2068888_A,1,-0.8035942433,280,97,43
rs13400937_C,1,-0.8076049862,237,97,36
rs2167270_A,0,-0.8086534972,131,97,19
rs11071657_A,2,-0.8089227116,112,97,16
rs10513300_G,2,-0.8107803497,67,97,9
rs1800795_G,2,-0.8115726553,12,97,1
rs6451722_A,2,-0.8115726553,12,97,1
rs9816226_T,2,-0.8115726553,12,97,1
rs1802295_A,0,-0.816676577,348,97,54
rs1153188_A,1,-0.8206972186,125,97,18
rs11071657_A,0,-0.8270070497,188,97,28
rs12629908_A,1,-0.8335087408,275,97,42
rs1552224_C,1,-0.8395038553,61,97,8
rs4712652_G,0,-0.8424721198,263,97,40
rs10865710_G,2,-0.8452102037,132,97,19
rs11920090_A,1,-0.8481630516,113,97,16
rs964184_C,1,-0.8575791177,245,97,37
rs7754840_C,1,-0.8631158969,239,97,36
rs1424233_G,1,-0.868931224,233,97,35
rs16928751_A,1,-0.8733512536,55,97,7
rs4607517_A,1,-0.8806903617,196,97,29
rs10512572_A,0,-0.8809124886,152,97,22
rs6104567_A,0,-0.8882494839,215,97,32
rs1884614_G,1,-0.8901013498,271,97,41
rs708272_G,1,-0.8901013498,271,97,41
rs2297508_G,2,-0.8905246781,62,97,8
rs545854_C,0,-0.9005723648,259,97,39
rs6065906_G,2,-0.9105272259,4,97,0
rs2943650_G,1,-0.9148348519,153,97,22
rs818386_A,0,-0.9157928928,172,97,25
rs32314_A,0,-0.9160680387,272,97,41
rs7421394_G,2,-0.9175365241,134,97,19
rs3792267_A,1,-0.9246219905,235,97,35
rs1801133_G,0,-0.9267373893,147,97,21
rs9939609_A,2,-0.9289425285,21,97,2
rs8050136_A,2,-0.9289425285,21,97,2
rs4746136_G,2,-0.9431558031,109,97,15
rs214678_G,0,-0.9497703361,192,97,28
rs7566605_C,0,-0.961299582,311,97,47
rs887912_A,1,-0.9623757569,103,97,14
rs11634397_A,2,-0.9639340784,116,97,16
rs4810479_A,2,-0.9647272879,90,97,12
rs6104567_A,2,-0.9647272879,90,97,12
rs1137100_G,0,-0.9677255627,274,97,41
estres5,7,-0.9729231625,77,97,10
rs925946_A,1,-0.9907239424,168,97,24
rs1514175_G,0,-0.9914864722,206,97,30
rs4781011_C,0,-0.993417888,275,97,41
estres5,3,-0.9950899593,149,97,21
rs10923931_A,1,-1.0037298009,71,97,9
rs11206510_G,2,-1.0180003862,5,97,0
rs429358_G,2,-1.0180003862,5,97,0
rs3752895_A,1,-1.0190202341,276,97,41
rs1169300_A,1,-1.0196830768,251,97,37
rs2237892_A,2,-1.0210128294,44,97,5
rs4670767_A,2,-1.0210437005,111,97,15
rs614080_A,2,-1.0232805771,51,97,6
rs6665486_A,2,-1.0232805771,51,97,6
rs6265_A,0,-1.0279048938,419,97,64
rs3846662_G,0,-1.0289395643,150,97,21
rs316598_G,0,-1.0302266165,201,97,29
rs2081687_A,0,-1.0314184582,413,97,63
rs2241423_G,1,-1.0346461402,239,97,35
rs2228314_C,2,-1.0391368556,65,97,8
rs6548616_G,2,-1.0411345456,30,97,3
rs11868035_G,1,-1.0728890683,253,97,37
rs7923837_G,0,-1.0738638463,177,97,25
rs1799884_A,2,-1.0785383285,15,97,1
rs2297508_G,1,-1.0807651019,247,97,36
rs4929949_A,0,-1.0960013201,152,97,21
rs1260326_A,0,-1.1074932074,248,97,36
rs7238445_A,0,-1.1074932074,248,97,36
rs12544346_A,2,-1.1114427211,133,97,18
rs7501939_A,0,-1.1134458838,286,97,42
rs17782313_G,2,-1.1151635502,6,97,0
rs1143634_A,2,-1.1151635502,6,97,0
rs10007810_A,1,-1.1293942309,198,97,28
rs1333049_G,0,-1.1318227407,166,97,23
rs1424233_G,2,-1.1328201617,46,97,5
rs1529729_A,0,-1.1411470265,192,97,27
rs2627037_A,0,-1.1465412768,160,97,22
rs7106340_A,1,-1.1466165666,134,97,18
rs10195252_G,2,-1.1477370559,24,97,2
rs4666200_G,2,-1.1477370559,24,97,2
rs2016520_G,2,-1.1581061494,16,97,1
rs11724758_A,1,-1.1606411371,250,97,36
rs713586_G,1,-1.1791973545,238,97,34
rs9845457_G,0,-1.1936602717,327,97,48
rs7809589_C,2,-1.2016853133,129,97,17
rs10512572_A,2,-1.2016853133,129,97,17
rs12970134_A,2,-1.2045143008,7,97,0
rs3856806_A,2,-1.2045143008,7,97,0
rs1801253_C,2,-1.2045143008,7,97,0
rs918703_G,0,-1.2103623689,334,97,49
rs4430796_G,0,-1.2230051631,246,97,35
rs2271293_A,1,-1.2234514564,123,97,16
rs757210_A,0,-1.2293471434,297,97,43
rs10778660_A,1,-1.2382338116,221,97,31
rs4457053_G,1,-1.239605879,253,97,36
rs17150703_A,0,-1.2400599646,398,97,59
rs11708067_G,0,-1.2545123481,228,97,32
rs1143634_A,1,-1.2624097622,104,97,13
rs243021_G,1,-1.2629301787,273,97,39
rs705308_C,2,-1.2812791754,26,97,2
rs17150703_A,2,-1.2876799517,8,97,0
glu_com,BAJO,-1.2876799517,8,97,0
Acintura,4,-1.2924210414,98,97,12
rs7498665_G,1,-1.2949081552,287,97,41
rs780094_A,0,-1.3130285103,243,97,34
rs1408888_C,1,-1.3132361825,275,97,39
rs4994_G,0,-1.3177589409,345,97,50
rs7745461_A,0,-1.3243372292,159,97,21
rs3812316_C,1,-1.329733356,57,97,6
rs662_A,2,-1.3304731332,126,97,16
rs1801282_G,2,-1.3657908388,9,97,0
rs2290159_C,2,-1.3657908388,9,97,0
rs4299376_C,2,-1.3657908388,9,97,0
rs646776_G,2,-1.3760849963,19,97,1
rs17302400_A,1,-1.3927297501,291,97,41
rs867559_A,2,-1.409774819,135,97,17
rs206936_A,2,-1.4140422836,108,97,13
rs688_A,0,-1.4243061537,182,97,24
rs7803075_G,2,-1.4255417442,59,97,6
rs2504853_G,1,-1.4344457023,267,97,37
rs11220462_A,2,-1.4396699527,10,97,0
rs10141971_A,1,-1.4399731942,156,97,20
rs1760921_G,2,-1.4430417846,20,97,1
rs7528419_G,2,-1.4430417846,20,97,1
rs757705_A,1,-1.4578162691,255,97,35
rs2259816_A,1,-1.4712654062,262,97,36
rs6235_C,2,-1.507611248,21,97,1
rs887912_A,2,-1.5099385848,11,97,0
rs1513181_G,2,-1.5244378461,111,97,13
rs1802295_A,2,-1.5252835318,30,97,2
rs798443_G,0,-1.5263813358,303,97,42
rs3784230_G,1,-1.5353946705,284,97,39
rs7844723_A,2,-1.5411739098,54,97,5
rs9522149_G,0,-1.5523981966,317,97,44
rs12654264_A,0,-1.5527179436,193,97,25
rs948028_C,2,-1.5685506972,84,97,9
rs4717865_A,0,-1.5736687937,207,97,27
rs560887_A,2,-1.5770794169,12,97,0
rs4746136_G,0,-1.5813969454,194,97,25
rs1169288_C,1,-1.612660319,248,97,33
rs7756992_G,1,-1.6165576523,235,97,31
rs2354124_G,1,-1.6294901464,189,97,24
rs2081687_A,2,-1.6414763003,13,97,0
rs12439433_G,2,-1.6532639965,64,97,6
rs6451722_A,1,-1.667401891,122,97,14
rs2237895_A,2,-1.6686400602,129,97,15
rs316873_A,2,-1.6692112041,108,97,12
rs10496971_C,1,-1.6709566781,270,97,36
rs2036402_G,0,-1.6718267961,177,97,22
rs798443_G,2,-1.6726879106,41,97,3
rs429358_G,1,-1.6728465344,101,97,11
rs35767_A,1,-1.6868197711,191,97,24
rs6699816_G,1,-1.7449389911,159,97,19
rs10839880_G,1,-1.7590199201,267,97,35
rs8135828_A,2,-1.763228391,15,97,0
rs5925_A,2,-1.7761349189,111,97,12
rs13342692_G,2,-1.8247369568,68,97,6
rs75493593_A,2,-1.8580858416,61,97,5
rs17145738_A,1,-1.8580858416,61,97,5
rs1837606_A,1,-1.8645331018,258,97,33
rs13342232_G,2,-1.8662732648,69,97,6
rs439401_G,2,-2.0667374866,74,97,6
rs925946_A,2,-2.0862799675,21,97,0
Abrazo,3,-2.2306714771,154,97,16
estres5,4,-2.3295103769,81,97,6
rs12130799_G,2,-2.5009689532,41,97,1
Acintura,3,-2.72829968,101,97,7
Acintura,2,-2.8049513518,95,97,6
uric_com,NORMAL,-3.0127908918,337,97,37
Acintura,1,-4.072803801,102,97,2
Abrazo,2,-4.1893259702,127,97,4
Obesidad,0,-4.4897494623,455,97,42
