rs1407434_G,1,-0.770377516859,240,110,42
rs1407434_G,0,0.67195675103,177,110,38
rs1407434_G,2,0.246173842237,148,110,30
rs1800775_C,1,0.658791494185,251,110,53
rs1800775_C,0,-1.10601950088,207,110,34
rs1800775_C,2,0.630334614227,105,110,23
rs1800775_C,-1,-0.695353495365,2,110,0
rs909253_G,1,-0.746331688334,250,110,44
rs909253_G,0,0.789246146132,247,110,53
rs909253_G,2,-0.0731774499314,68,110,13
rs1837606_A,1,-1.29402020942,258,110,42
rs1837606_A,0,0.767222427896,233,110,50
rs1837606_A,2,1.05481946922,74,110,18
rs798443_G,1,1.69432119102,221,110,53
rs798443_G,0,-1.01431708437,303,110,52
rs798443_G,2,-1.1762670618,41,110,5
rs4717865_A,1,-0.952919005968,268,110,46
rs4717865_A,0,-0.403883525602,207,110,38
rs4717865_A,2,2.25689948682,90,110,26
rs9816226_T,1,0.28753424969,87,110,18
rs9816226_T,0,-0.435870122877,466,110,87
rs9816226_T,2,1.94197590002,12,110,5
rs1387153_A,1,0.332623087143,201,110,41
rs1387153_A,0,-0.190016111465,341,110,65
rs1387153_A,2,-0.152477794432,22,110,4
rs1387153_A,-1,-0.491689171894,1,110,0
rs1552224_C,1,-0.606650984674,61,110,10
rs1552224_C,0,0.164752891226,501,110,99
rs1552224_C,2,0.606464234559,3,110,1
rs17145738_A,1,-1.5767202479,61,110,7
rs17145738_A,0,0.368080212527,502,110,101
rs17145738_A,2,2.87623491265,2,110,2
rs10839880_G,1,-0.924610942089,267,110,46
rs10839880_G,0,-0.135587014068,225,110,43
rs10839880_G,2,1.7805263745,72,110,20
rs10839880_G,-1,2.03380521102,1,110,1
rs1871428_G,1,0.278283916005,258,110,52
rs1871428_G,0,-0.546564562131,206,110,37
rs1871428_G,2,0.335802731004,101,110,21
rs864745_G,1,-0.168946398854,252,110,48
rs864745_G,0,-0.487128783362,252,110,46
rs864745_G,2,1.33348754178,61,110,16
rs16928751_A,1,-0.241088561502,55,110,10
rs16928751_A,0,-0.101143104326,508,110,98
rs16928751_A,2,2.87623491265,2,110,2
rs9845457_G,1,1.53153264138,193,110,46
rs9845457_G,0,-1.20997606345,327,110,55
rs9845457_G,2,0.320720165082,42,110,9
rs9845457_G,-1,-0.851630627253,3,110,0
rs12544346_A,1,0.465812837908,282,110,58
rs12544346_A,0,0.205065618336,149,110,30
rs12544346_A,2,-0.852697165713,133,110,22
rs12544346_A,-1,-0.491689171894,1,110,0
rs10141971_A,1,-1.49056412935,156,110,23
rs10141971_A,0,0.852259560066,392,110,83
rs10141971_A,2,0.422803044048,17,110,4
rs10496971_C,1,-0.240746148378,270,110,51
rs10496971_C,0,-0.768955376466,202,110,35
rs10496971_C,2,1.54347897623,93,110,24
rs7756992_G,1,-0.947648738764,235,110,40
rs7756992_G,0,0.220343932414,270,110,54
rs7756992_G,2,1.48392562242,59,110,16
rs7756992_G,-1,-0.491689171894,1,110,0
rs708272_G,1,0.0366561696773,271,110,53
rs708272_G,0,-1.20698667425,148,110,23
rs708272_G,2,1.16528480924,146,110,34
rs1555543_A,1,0.146369807112,303,110,60
rs1555543_A,0,-0.160366141876,179,110,34
rs1555543_A,2,-0.0441571893529,83,110,16
rs13078807_G,1,-1.19975736094,84,110,12
rs13078807_G,0,0.47732583908,472,110,96
rs13078807_G,2,0.208595406258,9,110,2
rs7106340_A,1,-1.11015446232,134,110,21
rs7106340_A,0,0.595386297872,417,110,86
rs7106340_A,2,0.185167873644,14,110,3
rs10885122_A,1,1.01243869481,140,110,32
rs10885122_A,0,-1.0123755984,417,110,73
rs10885122_A,2,3.07377851928,8,110,5
rs757705_A,1,-1.05108493196,255,110,43
rs757705_A,0,0.338319713538,241,110,49
rs757705_A,2,1.38833131511,69,110,18
rs1470579_C,1,0.477429291036,192,110,40
rs1470579_C,0,-0.180132199705,351,110,67
rs1470579_C,2,-0.690915006021,22,110,3
rs4457053_G,1,-0.358300886983,253,110,47
rs4457053_G,0,0.767222427896,233,110,50
rs4457053_G,2,-0.676404826394,79,110,13
rs13292136_A,1,0.483974054463,172,110,36
rs13292136_A,0,-0.181867197807,377,110,72
rs13292136_A,2,-1.25222412853,15,110,1
rs13292136_A,-1,2.03380521102,1,110,1
rs17782313_G,1,-1.0662728426,87,110,13
rs17782313_G,0,0.47732583908,472,110,96
rs17782313_G,2,-0.173358818793,6,110,1
rs3734398_A,1,-0.467009941966,177,110,32
rs3734398_A,0,-1.06313732977,354,110,61
rs3734398_A,2,4.4960022202,34,110,17
rs734873_A,1,0.497432057244,266,110,55
rs734873_A,0,-0.00912414835752,216,110,42
rs734873_A,2,-0.875784255498,83,110,13
rs10830963_G,1,0.332623087143,201,110,41
rs10830963_G,0,-0.306492097578,335,110,63
rs10830963_G,2,0.16600797646,29,110,6
rs7316821_A,1,1.11349550308,223,110,50
rs7316821_A,0,-1.85372830366,296,110,45
rs7316821_A,2,2.2506592682,46,110,15
rs7754840_C,1,-0.740182774389,239,110,42
rs7754840_C,0,0.345314303203,281,110,57
rs7754840_C,2,0.926561645826,44,110,11
rs7754840_C,-1,-0.491689171894,1,110,0
rs2081687_A,1,2.77145566724,139,110,40
rs2081687_A,0,-1.41757437804,413,110,69
rs2081687_A,2,-1.07236440597,13,110,1
rs214678_G,1,0.921882985393,243,110,53
rs214678_G,0,-0.616141855323,192,110,34
rs214678_G,2,-0.511607372943,130,110,23
rs6265_A,1,-0.386723634189,127,110,23
rs6265_A,0,0.422543978335,419,110,85
rs6265_A,2,-0.984447117437,19,110,2
rs6235_C,1,1.29645994184,185,110,43
rs6235_C,0,-0.785588230465,359,110,64
rs6235_C,2,-0.59987868047,21,110,3
rs10468017_A,1,1.30856335328,129,110,31
rs10468017_A,0,-0.687862290312,419,110,76
rs10468017_A,2,-0.189719314637,17,110,3
rs518417_A,1,-0.606650984674,61,110,10
rs518417_A,0,0.211051554907,504,110,100
rs713586_G,1,1.25457716035,238,110,54
rs713586_G,0,-1.4157263742,268,110,43
rs713586_G,2,0.497551532224,59,110,13
rs4781011_C,1,2.22477150784,216,110,55
rs4781011_C,0,-1.14826257781,275,110,46
rs4781011_C,2,-1.58742535885,74,110,9
rs972283_A,1,-0.448387000506,256,110,47
rs972283_A,0,1.23004859197,215,110,49
rs972283_A,2,-1.12031540002,94,110,14
rs10778660_A,1,-0.344276444315,221,110,41
rs10778660_A,0,0.562335469621,254,110,53
rs10778660_A,2,-0.405205335838,90,110,16
rs6699816_G,1,-1.19284623875,159,110,25
rs6699816_G,0,0.494838598321,386,110,79
rs6699816_G,2,1.18940544588,20,110,6
rs2028299_C,1,-0.0759620284763,125,110,24
rs2028299_C,0,-0.0873009067486,430,110,83
rs2028299_C,2,0.841036656361,10,110,3
rs8192678_A,1,0.505139237073,221,110,46
rs8192678_A,0,-0.166555899165,309,110,59
rs8192678_A,2,-0.774440046402,35,110,5
rs9522149_G,1,0.685152157657,206,110,44
rs9522149_G,0,-0.243523043166,317,110,60
rs9522149_G,2,-0.8483565657,42,110,6
rs2036402_G,1,0.890048443083,278,110,60
rs2036402_G,0,-1.03649328846,177,110,29
rs2036402_G,2,-0.109054431527,105,110,20
rs2036402_G,-1,0.0299850112406,5,110,1
rs7647305_A,1,-0.278913208351,135,110,25
rs7647305_A,0,-0.00220483984224,411,110,80
rs7647305_A,2,0.890263187248,18,110,5
rs7647305_A,-1,-0.491689171894,1,110,0
