rs17300539_A,1
rs10141971_A,2
rs10468017_A,1
rs10496971_C,2
rs10778660_A,2
rs10830963_G,2
rs10839880_G,2
rs10885122_A,1
rs10885122_A,2
rs12544346_A,2
rs13078807_G,2
rs13292136_A,2
rs13292136_A,2
rs1387153_A,2
rs1407434_G,2
rs1470579_C,2
rs1552224_C,2
rs1555543_A,0
rs16928751_A,2
rs17145738_A,2
rs17782313_G,1
rs1800775_C,2
rs1837606_A,0
rs1871428_G,2
rs2028299_C,1
rs2028299_C,2
rs2036402_G,1
rs2081687_A,1
rs214678_G,2
rs3734398_A,2
rs4457053_G,0
rs4717865_A,2
rs4781011_C,1
rs518417_A,1
rs6235_C,1
rs6265_A,1
rs6699816_G,2
rs708272_G,0
rs7106340_A,2
rs713586_G,0
rs7316821_A,2
rs734873_A,2
rs757705_A,0
rs7647305_A,2
rs7754840_C,2
rs7756992_G,2
rs798443_G,1
rs798443_G,1
rs8192678_A,2
rs864745_G,2
rs909253_G,0
rs9522149_G,1
rs972283_A,2
rs9816226_T,2
rs9845457_G,1
