rs3734398_A,rs10885122_A,FID,rs3812316_C,Obesidad
-0.1502608626944797,0.21134419883644667,2,0.02727026577684193,0
-0.1502608626944797,0.21134419883644667,3,0.02727026577684193,1
-0.1502608626944797,-0.13329480422807996,4,0.02727026577684193,1
-0.1502608626944797,0.21134419883644667,5,0.02727026577684193,0
-0.08091454064274606,0.21134419883644667,6,0.02727026577684193,0
-0.1502608626944797,-0.13329480422807996,7,0.02727026577684193,0
-0.1502608626944797,1.8116496277072747,8,0.02727026577684193,0
-0.08091454064274606,-0.13329480422807996,9,0.02727026577684193,0
-0.1502608626944797,0.21134419883644667,10,0.02727026577684193,0
-0.1502608626944797,-0.13329480422807996,11,0.02727026577684193,0
-0.08091454064274606,-0.13329480422807996,12,0.02727026577684193,0
-0.1502608626944797,1.8116496277072747,13,-0.5991490499270039,1
-0.1502608626944797,-0.13329480422807996,14,0.02727026577684193,0
-0.1502608626944797,-0.13329480422807996,15,-0.5991490499270039,0
-0.08091454064274606,-0.13329480422807996,17,0.02727026577684193,1
-0.08091454064274606,0.21134419883644667,18,0.02727026577684193,0
-0.1502608626944797,0.21134419883644667,19,0.02727026577684193,0
-0.08091454064274606,-0.13329480422807996,20,0.02727026577684193,0
-0.08091454064274606,-0.13329480422807996,21,0.02727026577684193,1
-0.08091454064274606,0.21134419883644667,22,0.02727026577684193,0
-0.1502608626944797,-0.13329480422807996,23,0.02727026577684193,0
-0.08091454064274606,0.21134419883644667,24,0.02727026577684193,0
-0.08091454064274606,0.21134419883644667,25,0.02727026577684193,1
-0.08091454064274606,0.21134419883644667,26,0.02727026577684193,0
-0.1502608626944797,-0.13329480422807996,27,0.02727026577684193,0
-0.08091454064274606,-0.13329480422807996,28,-0.5991490499270039,0
-0.08091454064274606,-0.13329480422807996,29,0.02727026577684193,0
-0.1502608626944797,-0.13329480422807996,30,0.02727026577684193,0
-0.08091454064274606,0.21134419883644667,32,0.02727026577684193,0
-0.1502608626944797,-0.13329480422807996,33,-0.5991490499270039,0
-0.1502608626944797,-0.13329480422807996,34,-0.5991490499270039,0
-0.1502608626944797,-0.13329480422807996,35,0.02727026577684193,0
-0.1502608626944797,-0.13329480422807996,36,0.02727026577684193,1
-0.1502608626944797,-0.13329480422807996,37,0.02727026577684193,0
-0.1502608626944797,-0.13329480422807996,38,-0.5991490499270039,0
-0.08091454064274606,-0.13329480422807996,39,0.02727026577684193,0
-0.08091454064274606,-0.13329480422807996,40,0.02727026577684193,1
-0.1502608626944797,-0.13329480422807996,41,0.02727026577684193,0
-0.1502608626944797,-0.13329480422807996,42,0.02727026577684193,0
-0.1502608626944797,0.21134419883644667,43,0.02727026577684193,0
-0.1502608626944797,-0.13329480422807996,44,0.02727026577684193,0
-0.1502608626944797,-0.13329480422807996,45,-0.5991490499270039,0
-0.1502608626944797,-0.13329480422807996,46,0.02727026577684193,0
1.4061845195991103,0.21134419883644667,47,0.02727026577684193,1
-0.1502608626944797,-0.13329480422807996,48,0.02727026577684193,0
-0.08091454064274606,-0.13329480422807996,49,0.02727026577684193,0
-0.08091454064274606,0.21134419883644667,50,-0.5991490499270039,0
1.4061845195991103,-0.13329480422807996,51,0.02727026577684193,1
-0.08091454064274606,-0.13329480422807996,52,-0.5991490499270039,0
-0.1502608626944797,-0.13329480422807996,54,0.02727026577684193,0
-0.1502608626944797,-0.13329480422807996,55,0.02727026577684193,0
-0.1502608626944797,-0.13329480422807996,56,0.02727026577684193,0
1.4061845195991103,0.21134419883644667,57,0.02727026577684193,1
-0.1502608626944797,-0.13329480422807996,58,-0.5991490499270039,0
-0.1502608626944797,0.21134419883644667,59,0.02727026577684193,0
-0.1502608626944797,1.8116496277072747,60,0.02727026577684193,1
-0.1502608626944797,0.21134419883644667,61,0.02727026577684193,0
-0.1502608626944797,0.21134419883644667,62,0.02727026577684193,1
-0.08091454064274606,-0.13329480422807996,63,0.02727026577684193,0
-0.08091454064274606,0.21134419883644667,64,0.02727026577684193,0
-0.1502608626944797,-0.13329480422807996,65,0.02727026577684193,1
-0.08091454064274606,0.21134419883644667,66,0.02727026577684193,0
-0.1502608626944797,0.21134419883644667,67,0.02727026577684193,0
-0.08091454064274606,-0.13329480422807996,68,0.02727026577684193,0
-0.1502608626944797,0.21134419883644667,69,-0.5991490499270039,0
-0.08091454064274606,-0.13329480422807996,70,0.02727026577684193,0
-0.1502608626944797,-0.13329480422807996,71,0.02727026577684193,0
-0.08091454064274606,-0.13329480422807996,72,0.02727026577684193,0
-0.1502608626944797,-0.13329480422807996,73,0.02727026577684193,0
-0.1502608626944797,-0.13329480422807996,74,0.02727026577684193,0
-0.08091454064274606,0.21134419883644667,75,0.02727026577684193,0
-0.08091454064274606,-0.13329480422807996,76,0.02727026577684193,0
-0.08091454064274606,1.8116496277072747,77,0.02727026577684193,1
-0.08091454064274606,-0.13329480422807996,78,0.02727026577684193,0
-0.1502608626944797,-0.13329480422807996,79,0.02727026577684193,0
-0.1502608626944797,0.21134419883644667,80,0.02727026577684193,1
-0.1502608626944797,0.21134419883644667,81,0.02727026577684193,0
-0.1502608626944797,-0.13329480422807996,82,0.02727026577684193,0
-0.1502608626944797,-0.13329480422807996,83,0.02727026577684193,1
-0.08091454064274606,0.21134419883644667,84,0.02727026577684193,1
-0.1502608626944797,0.21134419883644667,85,0.02727026577684193,1
-0.1502608626944797,0.21134419883644667,86,0.02727026577684193,1
-0.1502608626944797,-0.13329480422807996,87,0.02727026577684193,0
-0.08091454064274606,0.21134419883644667,88,-0.5991490499270039,1
-0.1502608626944797,0.21134419883644667,89,0.02727026577684193,1
-0.08091454064274606,-0.13329480422807996,90,0.02727026577684193,0
-0.1502608626944797,0.21134419883644667,91,0.02727026577684193,0
1.4061845195991103,-0.13329480422807996,92,0.02727026577684193,1
-0.08091454064274606,-0.13329480422807996,93,0.02727026577684193,0
-0.08091454064274606,0.21134419883644667,94,0.02727026577684193,1
-0.1502608626944797,-0.13329480422807996,95,0.02727026577684193,0
-0.1502608626944797,-0.13329480422807996,96,-0.5991490499270039,0
-0.1502608626944797,-0.13329480422807996,98,-0.5991490499270039,0
1.4061845195991103,-0.13329480422807996,99,0.02727026577684193,0
-0.1502608626944797,-0.13329480422807996,100,0.02727026577684193,1
1.4061845195991103,-0.13329480422807996,101,0.02727026577684193,1
-0.1502608626944797,-0.13329480422807996,102,0.02727026577684193,0
-0.08091454064274606,-0.13329480422807996,103,0.02727026577684193,0
-0.08091454064274606,-0.13329480422807996,104,0.02727026577684193,0
1.4061845195991103,0.21134419883644667,105,0.02727026577684193,1
-0.1502608626944797,0.21134419883644667,106,-0.5991490499270039,0
-0.08091454064274606,-0.13329480422807996,107,0.02727026577684193,0
-0.08091454064274606,0.21134419883644667,108,-0.5991490499270039,0
1.4061845195991103,-0.13329480422807996,109,0.02727026577684193,1
-0.1502608626944797,-0.13329480422807996,110,0.02727026577684193,0
-0.1502608626944797,0.21134419883644667,111,0.02727026577684193,0
-0.1502608626944797,-0.13329480422807996,112,0.02727026577684193,0
-0.1502608626944797,0.21134419883644667,113,0.02727026577684193,0
-0.1502608626944797,-0.13329480422807996,114,0.02727026577684193,0
-0.1502608626944797,-0.13329480422807996,115,0.02727026577684193,0
-0.1502608626944797,0.21134419883644667,116,-0.5991490499270039,0
-0.1502608626944797,-0.13329480422807996,117,0.02727026577684193,0
1.4061845195991103,-0.13329480422807996,118,0.02727026577684193,0
-0.1502608626944797,-0.13329480422807996,119,0.02727026577684193,1
-0.1502608626944797,-0.13329480422807996,120,-0.5991490499270039,0
-0.08091454064274606,-0.13329480422807996,121,0.02727026577684193,0
-0.1502608626944797,-0.13329480422807996,122,-0.5991490499270039,0
-0.1502608626944797,-0.13329480422807996,123,0.02727026577684193,0
-0.1502608626944797,-0.13329480422807996,124,0.02727026577684193,0
1.4061845195991103,-0.13329480422807996,125,0.02727026577684193,1
-0.1502608626944797,0.21134419883644667,126,0.02727026577684193,0
-0.08091454064274606,0.21134419883644667,127,0.02727026577684193,1
-0.1502608626944797,-0.13329480422807996,128,0.02727026577684193,0
-0.1502608626944797,0.21134419883644667,129,0.02727026577684193,0
-0.1502608626944797,-0.13329480422807996,130,0.02727026577684193,0
-0.08091454064274606,0.21134419883644667,131,0.02727026577684193,0
-0.08091454064274606,0.21134419883644667,132,0.02727026577684193,1
-0.08091454064274606,-0.13329480422807996,133,0.02727026577684193,0
-0.1502608626944797,0.21134419883644667,134,0.02727026577684193,0
-0.08091454064274606,-0.13329480422807996,135,0.02727026577684193,0
-0.08091454064274606,-0.13329480422807996,136,0.02727026577684193,0
-0.08091454064274606,-0.13329480422807996,137,0.02727026577684193,0
-0.1502608626944797,-0.13329480422807996,138,0.02727026577684193,0
-0.08091454064274606,0.21134419883644667,139,0.02727026577684193,0
-0.08091454064274606,-0.13329480422807996,140,0.02727026577684193,0
-0.1502608626944797,-0.13329480422807996,141,0.02727026577684193,0
-0.1502608626944797,-0.13329480422807996,142,0.02727026577684193,0
-0.1502608626944797,-0.13329480422807996,143,-0.5991490499270039,0
-0.1502608626944797,-0.13329480422807996,144,0.02727026577684193,0
-0.1502608626944797,0.21134419883644667,145,0.02727026577684193,0
-0.1502608626944797,-0.13329480422807996,146,0.02727026577684193,0
-0.08091454064274606,0.21134419883644667,147,0.02727026577684193,0
-0.1502608626944797,-0.13329480422807996,148,0.02727026577684193,0
-0.1502608626944797,-0.13329480422807996,149,0.02727026577684193,0
-0.1502608626944797,-0.13329480422807996,150,-0.5991490499270039,0
1.4061845195991103,-0.13329480422807996,151,0.02727026577684193,1
-0.1502608626944797,-0.13329480422807996,152,0.02727026577684193,0
-0.1502608626944797,-0.13329480422807996,153,0.02727026577684193,0
1.4061845195991103,0.21134419883644667,154,0.02727026577684193,0
-0.08091454064274606,-0.13329480422807996,155,0.02727026577684193,1
-0.1502608626944797,-0.13329480422807996,156,0.02727026577684193,0
-0.08091454064274606,-0.13329480422807996,157,0.02727026577684193,0
-0.08091454064274606,-0.13329480422807996,158,0.02727026577684193,0
-0.1502608626944797,-0.13329480422807996,159,0.02727026577684193,0
-0.1502608626944797,0.21134419883644667,160,0.02727026577684193,0
-0.1502608626944797,-0.13329480422807996,161,0.02727026577684193,0
-0.1502608626944797,-0.13329480422807996,162,0.02727026577684193,0
-0.1502608626944797,-0.13329480422807996,163,0.02727026577684193,0
-0.1502608626944797,-0.13329480422807996,164,0.02727026577684193,0
-0.08091454064274606,-0.13329480422807996,165,0.02727026577684193,0
-0.08091454064274606,-0.13329480422807996,166,-0.5991490499270039,0
-0.1502608626944797,-0.13329480422807996,167,0.02727026577684193,1
-0.08091454064274606,0.21134419883644667,168,0.02727026577684193,0
-0.08091454064274606,-0.13329480422807996,169,-0.5991490499270039,0
-0.1502608626944797,-0.13329480422807996,170,0.02727026577684193,0
-0.1502608626944797,-0.13329480422807996,171,0.02727026577684193,0
-0.1502608626944797,-0.13329480422807996,172,0.02727026577684193,0
-0.1502608626944797,0.21134419883644667,173,0.02727026577684193,0
-0.1502608626944797,-0.13329480422807996,174,0.02727026577684193,0
-0.1502608626944797,-0.13329480422807996,175,0.02727026577684193,0
-0.1502608626944797,0.21134419883644667,176,0.02727026577684193,0
-0.1502608626944797,-0.13329480422807996,177,0.02727026577684193,0
-0.08091454064274606,-0.13329480422807996,178,0.02727026577684193,0
-0.1502608626944797,0.21134419883644667,179,0.02727026577684193,0
-0.08091454064274606,-0.13329480422807996,180,0.02727026577684193,0
-0.08091454064274606,-0.13329480422807996,181,0.02727026577684193,0
-0.1502608626944797,-0.13329480422807996,182,0.02727026577684193,0
-0.08091454064274606,-0.13329480422807996,183,0.02727026577684193,0
-0.1502608626944797,0.21134419883644667,184,0.02727026577684193,0
-0.08091454064274606,0.21134419883644667,185,-0.5991490499270039,0
1.4061845195991103,0.21134419883644667,186,0.02727026577684193,1
-0.1502608626944797,-0.13329480422807996,187,-0.5991490499270039,0
-0.1502608626944797,-0.13329480422807996,188,0.02727026577684193,0
1.4061845195991103,-0.13329480422807996,189,0.02727026577684193,0
-0.1502608626944797,-0.13329480422807996,190,0.02727026577684193,1
-0.1502608626944797,-0.13329480422807996,191,0.02727026577684193,0
-0.1502608626944797,-0.13329480422807996,192,0.02727026577684193,0
-0.1502608626944797,-0.13329480422807996,193,0.02727026577684193,0
-0.1502608626944797,-0.13329480422807996,194,0.02727026577684193,0
-0.08091454064274606,-0.13329480422807996,195,0.02727026577684193,0
-0.1502608626944797,-0.13329480422807996,196,0.02727026577684193,0
-0.1502608626944797,-0.13329480422807996,197,0.02727026577684193,0
-0.1502608626944797,0.21134419883644667,198,0.02727026577684193,0
-0.1502608626944797,0.21134419883644667,199,0.02727026577684193,0
-0.08091454064274606,-0.13329480422807996,200,0.02727026577684193,1
-0.08091454064274606,0.21134419883644667,201,0.02727026577684193,0
-0.1502608626944797,-0.13329480422807996,202,0.02727026577684193,1
-0.1502608626944797,0.21134419883644667,203,0.02727026577684193,0
-0.1502608626944797,-0.13329480422807996,204,0.02727026577684193,0
-0.1502608626944797,-0.13329480422807996,205,0.02727026577684193,0
1.4061845195991103,-0.13329480422807996,206,0.02727026577684193,0
-0.1502608626944797,-0.13329480422807996,207,-0.5991490499270039,0
-0.1502608626944797,-0.13329480422807996,208,0.02727026577684193,1
-0.1502608626944797,0.21134419883644667,209,-0.5991490499270039,0
-0.1502608626944797,0.21134419883644667,210,0.02727026577684193,0
1.4061845195991103,-0.13329480422807996,211,0.02727026577684193,0
-0.1502608626944797,-0.13329480422807996,212,0.02727026577684193,0
-0.1502608626944797,-0.13329480422807996,213,0.02727026577684193,0
-0.1502608626944797,-0.13329480422807996,214,-0.5991490499270039,0
-0.08091454064274606,0.21134419883644667,215,0.02727026577684193,0
-0.1502608626944797,-0.13329480422807996,216,0.02727026577684193,0
1.4061845195991103,-0.13329480422807996,217,-0.5991490499270039,1
1.4061845195991103,0.21134419883644667,218,0.02727026577684193,0
-0.1502608626944797,-0.13329480422807996,219,0.02727026577684193,0
-0.08091454064274606,-0.13329480422807996,220,0.02727026577684193,0
-0.1502608626944797,-0.13329480422807996,221,0.02727026577684193,0
-0.08091454064274606,-0.13329480422807996,222,0.02727026577684193,0
-0.1502608626944797,0.21134419883644667,223,0.02727026577684193,0
-0.1502608626944797,0.21134419883644667,224,-0.5991490499270039,0
-0.1502608626944797,-0.13329480422807996,225,0.02727026577684193,0
-0.08091454064274606,-0.13329480422807996,226,0.02727026577684193,0
-0.1502608626944797,-0.13329480422807996,227,0.02727026577684193,0
-0.08091454064274606,0.21134419883644667,228,0.02727026577684193,0
-0.1502608626944797,-0.13329480422807996,229,0.02727026577684193,0
-0.1502608626944797,-0.13329480422807996,230,0.02727026577684193,0
-0.1502608626944797,-0.13329480422807996,231,0.02727026577684193,0
-0.1502608626944797,-0.13329480422807996,232,0.02727026577684193,0
-0.08091454064274606,0.21134419883644667,233,0.02727026577684193,0
-0.08091454064274606,-0.13329480422807996,234,0.02727026577684193,1
-0.08091454064274606,-0.13329480422807996,235,-0.5991490499270039,0
-0.1502608626944797,0.21134419883644667,236,0.02727026577684193,1
-0.1502608626944797,0.21134419883644667,237,0.02727026577684193,1
-0.1502608626944797,-0.13329480422807996,238,0.02727026577684193,1
-0.1502608626944797,-0.13329480422807996,239,0.02727026577684193,1
-0.1502608626944797,0.21134419883644667,240,0.02727026577684193,0
-0.1502608626944797,-0.13329480422807996,241,0.02727026577684193,0
-0.1502608626944797,-0.13329480422807996,242,0.02727026577684193,0
-0.1502608626944797,-0.13329480422807996,243,0.02727026577684193,0
-0.1502608626944797,0.21134419883644667,244,0.02727026577684193,0
-0.1502608626944797,-0.13329480422807996,245,0.02727026577684193,0
-0.08091454064274606,-0.13329480422807996,246,0.02727026577684193,0
-0.1502608626944797,-0.13329480422807996,247,0.02727026577684193,0
-0.1502608626944797,-0.13329480422807996,248,0.02727026577684193,0
-0.1502608626944797,-0.13329480422807996,249,0.02727026577684193,0
-0.1502608626944797,-0.13329480422807996,251,2.792478880719001,1
-0.1502608626944797,-0.13329480422807996,252,0.02727026577684193,0
-0.1502608626944797,-0.13329480422807996,253,0.02727026577684193,0
-0.08091454064274606,-0.13329480422807996,254,0.02727026577684193,0
-0.1502608626944797,-0.13329480422807996,255,0.02727026577684193,0
1.4061845195991103,-0.13329480422807996,256,0.02727026577684193,0
-0.1502608626944797,-0.13329480422807996,257,0.02727026577684193,0
-0.08091454064274606,-0.13329480422807996,258,0.02727026577684193,0
-0.1502608626944797,-0.13329480422807996,259,0.02727026577684193,0
-0.08091454064274606,-0.13329480422807996,260,0.02727026577684193,1
-0.1502608626944797,0.21134419883644667,261,-0.5991490499270039,0
-0.08091454064274606,-0.13329480422807996,262,0.02727026577684193,0
-0.1502608626944797,-0.13329480422807996,263,0.02727026577684193,0
-0.1502608626944797,-0.13329480422807996,264,0.02727026577684193,0
-0.08091454064274606,0.21134419883644667,265,0.02727026577684193,0
-0.1502608626944797,0.21134419883644667,266,0.02727026577684193,0
1.4061845195991103,-0.13329480422807996,267,0.02727026577684193,0
-0.08091454064274606,-0.13329480422807996,268,0.02727026577684193,0
-0.1502608626944797,-0.13329480422807996,269,0.02727026577684193,0
-0.1502608626944797,-0.13329480422807996,270,0.02727026577684193,0
-0.1502608626944797,0.21134419883644667,271,0.02727026577684193,0
-0.08091454064274606,-0.13329480422807996,272,0.02727026577684193,0
1.4061845195991103,0.21134419883644667,273,0.02727026577684193,0
-0.1502608626944797,0.21134419883644667,274,0.02727026577684193,1
-0.1502608626944797,-0.13329480422807996,275,0.02727026577684193,1
-0.1502608626944797,0.21134419883644667,276,0.02727026577684193,1
-0.1502608626944797,-0.13329480422807996,277,0.02727026577684193,0
-0.1502608626944797,-0.13329480422807996,278,0.02727026577684193,0
-0.1502608626944797,-0.13329480422807996,279,0.02727026577684193,0
-0.1502608626944797,-0.13329480422807996,280,0.02727026577684193,0
-0.08091454064274606,-0.13329480422807996,281,0.02727026577684193,0
-0.08091454064274606,0.21134419883644667,282,0.02727026577684193,0
-0.1502608626944797,-0.13329480422807996,283,0.02727026577684193,0
-0.1502608626944797,0.21134419883644667,284,0.02727026577684193,0
-0.1502608626944797,0.21134419883644667,285,0.02727026577684193,0
-0.1502608626944797,-0.13329480422807996,286,0.02727026577684193,0
-0.08091454064274606,-0.13329480422807996,287,0.02727026577684193,0
-0.1502608626944797,0.21134419883644667,288,0.02727026577684193,0
-0.08091454064274606,-0.13329480422807996,289,0.02727026577684193,0
-0.08091454064274606,-0.13329480422807996,290,0.02727026577684193,0
-0.08091454064274606,-0.13329480422807996,291,0.02727026577684193,0
-0.08091454064274606,0.21134419883644667,292,0.02727026577684193,0
-0.08091454064274606,-0.13329480422807996,293,0.02727026577684193,0
-0.1502608626944797,0.21134419883644667,294,0.02727026577684193,0
-0.08091454064274606,-0.13329480422807996,295,0.02727026577684193,0
-0.1502608626944797,1.8116496277072747,296,0.02727026577684193,0
-0.1502608626944797,-0.13329480422807996,297,0.02727026577684193,0
-0.1502608626944797,-0.13329480422807996,298,0.02727026577684193,0
-0.1502608626944797,-0.13329480422807996,299,-0.5991490499270039,0
-0.1502608626944797,-0.13329480422807996,300,-0.5991490499270039,0
-0.08091454064274606,-0.13329480422807996,302,0.02727026577684193,1
-0.1502608626944797,-0.13329480422807996,303,-0.5991490499270039,0
-0.1502608626944797,0.21134419883644667,304,0.02727026577684193,0
-0.08091454064274606,-0.13329480422807996,305,-0.5991490499270039,0
-0.1502608626944797,-0.13329480422807996,306,0.02727026577684193,0
-0.1502608626944797,0.21134419883644667,307,0.02727026577684193,1
-0.08091454064274606,-0.13329480422807996,308,-0.5991490499270039,0
1.4061845195991103,-0.13329480422807996,309,0.02727026577684193,1
-0.1502608626944797,-0.13329480422807996,310,0.02727026577684193,1
-0.08091454064274606,-0.13329480422807996,311,0.02727026577684193,0
-0.1502608626944797,-0.13329480422807996,312,0.02727026577684193,0
-0.1502608626944797,-0.13329480422807996,313,0.02727026577684193,0
-0.08091454064274606,-0.13329480422807996,314,0.02727026577684193,1
-0.1502608626944797,0.21134419883644667,315,0.02727026577684193,0
-0.1502608626944797,0.21134419883644667,316,-0.5991490499270039,0
-0.1502608626944797,0.21134419883644667,317,0.02727026577684193,0
-0.1502608626944797,-0.13329480422807996,318,2.792478880719001,1
-0.08091454064274606,0.21134419883644667,319,0.02727026577684193,0
-0.1502608626944797,-0.13329480422807996,320,0.02727026577684193,0
-0.08091454064274606,0.21134419883644667,321,-0.5991490499270039,0
-0.08091454064274606,-0.13329480422807996,322,-0.5991490499270039,0
-0.1502608626944797,-0.13329480422807996,323,0.02727026577684193,0
-0.08091454064274606,-0.13329480422807996,324,0.02727026577684193,0
-0.08091454064274606,-0.13329480422807996,325,0.02727026577684193,0
-0.08091454064274606,-0.13329480422807996,326,0.02727026577684193,0
-0.1502608626944797,-0.13329480422807996,327,0.02727026577684193,1
-0.08091454064274606,-0.13329480422807996,328,0.02727026577684193,0
-0.1502608626944797,-0.13329480422807996,329,-0.5991490499270039,0
-0.1502608626944797,-0.13329480422807996,330,0.02727026577684193,0
-0.1502608626944797,0.21134419883644667,331,0.02727026577684193,0
-0.08091454064274606,-0.13329480422807996,332,0.02727026577684193,0
-0.08091454064274606,-0.13329480422807996,333,0.02727026577684193,1
-0.1502608626944797,-0.13329480422807996,334,0.02727026577684193,0
-0.1502608626944797,-0.13329480422807996,335,0.02727026577684193,0
-0.1502608626944797,-0.13329480422807996,336,0.02727026577684193,0
-0.08091454064274606,-0.13329480422807996,337,0.02727026577684193,0
-0.1502608626944797,0.21134419883644667,338,0.02727026577684193,0
-0.1502608626944797,-0.13329480422807996,339,0.02727026577684193,0
-0.08091454064274606,-0.13329480422807996,340,0.02727026577684193,0
-0.08091454064274606,-0.13329480422807996,341,0.02727026577684193,0
-0.1502608626944797,-0.13329480422807996,342,0.02727026577684193,0
-0.08091454064274606,-0.13329480422807996,343,0.02727026577684193,0
-0.1502608626944797,0.21134419883644667,344,0.02727026577684193,0
-0.1502608626944797,-0.13329480422807996,345,0.02727026577684193,1
-0.08091454064274606,-0.13329480422807996,346,0.02727026577684193,0
-0.08091454064274606,0.21134419883644667,347,0.02727026577684193,0
-0.1502608626944797,-0.13329480422807996,348,0.02727026577684193,0
-0.1502608626944797,-0.13329480422807996,349,0.02727026577684193,0
-0.1502608626944797,-0.13329480422807996,350,0.02727026577684193,0
-0.1502608626944797,-0.13329480422807996,351,0.02727026577684193,0
-0.08091454064274606,-0.13329480422807996,352,0.02727026577684193,0
-0.08091454064274606,-0.13329480422807996,353,0.02727026577684193,0
-0.1502608626944797,-0.13329480422807996,354,0.02727026577684193,0
-0.1502608626944797,-0.13329480422807996,355,-0.5991490499270039,0
-0.1502608626944797,-0.13329480422807996,356,0.02727026577684193,0
-0.1502608626944797,-0.13329480422807996,357,0.02727026577684193,0
-0.1502608626944797,-0.13329480422807996,358,0.02727026577684193,0
-0.1502608626944797,-0.13329480422807996,359,0.02727026577684193,1
-0.1502608626944797,-0.13329480422807996,360,0.02727026577684193,0
-0.08091454064274606,0.21134419883644667,361,0.02727026577684193,0
-0.1502608626944797,-0.13329480422807996,362,0.02727026577684193,0
-0.08091454064274606,-0.13329480422807996,363,0.02727026577684193,0
-0.08091454064274606,-0.13329480422807996,364,0.02727026577684193,0
-0.08091454064274606,-0.13329480422807996,365,0.02727026577684193,0
-0.1502608626944797,-0.13329480422807996,366,0.02727026577684193,1
-0.1502608626944797,-0.13329480422807996,367,0.02727026577684193,1
-0.08091454064274606,-0.13329480422807996,368,0.02727026577684193,1
1.4061845195991103,-0.13329480422807996,369,0.02727026577684193,0
-0.1502608626944797,-0.13329480422807996,370,-0.5991490499270039,0
-0.08091454064274606,-0.13329480422807996,371,0.02727026577684193,0
-0.1502608626944797,-0.13329480422807996,372,0.02727026577684193,0
-0.1502608626944797,-0.13329480422807996,373,0.02727026577684193,0
-0.08091454064274606,-0.13329480422807996,374,0.02727026577684193,0
1.4061845195991103,0.21134419883644667,375,0.02727026577684193,1
-0.1502608626944797,-0.13329480422807996,376,0.02727026577684193,1
-0.08091454064274606,-0.13329480422807996,377,0.02727026577684193,1
-0.08091454064274606,-0.13329480422807996,378,0.02727026577684193,0
-0.1502608626944797,0.21134419883644667,379,0.02727026577684193,1
-0.1502608626944797,-0.13329480422807996,380,0.02727026577684193,0
-0.1502608626944797,-0.13329480422807996,381,0.02727026577684193,1
-0.1502608626944797,-0.13329480422807996,382,0.02727026577684193,0
-0.1502608626944797,-0.13329480422807996,383,0.02727026577684193,0
-0.1502608626944797,-0.13329480422807996,384,0.02727026577684193,0
-0.1502608626944797,-0.13329480422807996,385,0.02727026577684193,1
-0.1502608626944797,-0.13329480422807996,386,0.02727026577684193,1
-0.1502608626944797,1.8116496277072747,387,0.02727026577684193,1
-0.1502608626944797,-0.13329480422807996,388,0.02727026577684193,1
-0.1502608626944797,-0.13329480422807996,389,0.02727026577684193,0
-0.1502608626944797,0.21134419883644667,390,0.02727026577684193,1
-0.1502608626944797,-0.13329480422807996,391,0.02727026577684193,0
-0.1502608626944797,-0.13329480422807996,392,0.02727026577684193,1
-0.1502608626944797,0.21134419883644667,393,0.02727026577684193,0
-0.1502608626944797,-0.13329480422807996,394,0.02727026577684193,0
1.4061845195991103,-0.13329480422807996,395,0.02727026577684193,0
-0.1502608626944797,-0.13329480422807996,396,0.02727026577684193,0
-0.1502608626944797,-0.13329480422807996,397,0.02727026577684193,0
-0.1502608626944797,-0.13329480422807996,398,0.02727026577684193,0
-0.1502608626944797,-0.13329480422807996,399,0.02727026577684193,0
-0.08091454064274606,0.21134419883644667,400,0.02727026577684193,0
-0.08091454064274606,-0.13329480422807996,401,0.02727026577684193,1
1.4061845195991103,0.21134419883644667,402,0.02727026577684193,0
-0.1502608626944797,-0.13329480422807996,403,0.02727026577684193,1
-0.1502608626944797,-0.13329480422807996,404,0.02727026577684193,0
1.4061845195991103,0.21134419883644667,405,0.02727026577684193,0
-0.1502608626944797,-0.13329480422807996,406,0.02727026577684193,0
-0.1502608626944797,-0.13329480422807996,407,0.02727026577684193,0
-0.08091454064274606,-0.13329480422807996,408,0.02727026577684193,1
-0.08091454064274606,-0.13329480422807996,409,0.02727026577684193,0
-0.1502608626944797,-0.13329480422807996,410,0.02727026577684193,0
-0.1502608626944797,-0.13329480422807996,411,0.02727026577684193,0
-0.08091454064274606,0.21134419883644667,412,0.02727026577684193,0
-0.1502608626944797,-0.13329480422807996,413,0.02727026577684193,0
-0.1502608626944797,-0.13329480422807996,414,-0.5991490499270039,0
-0.1502608626944797,0.21134419883644667,415,0.02727026577684193,0
-0.08091454064274606,0.21134419883644667,416,0.02727026577684193,0
-0.08091454064274606,-0.13329480422807996,417,0.02727026577684193,1
-0.08091454064274606,0.21134419883644667,418,0.02727026577684193,0
1.4061845195991103,-0.13329480422807996,419,0.02727026577684193,0
-0.08091454064274606,0.21134419883644667,420,0.02727026577684193,1
-0.1502608626944797,-0.13329480422807996,421,0.02727026577684193,0
-0.1502608626944797,-0.13329480422807996,422,0.02727026577684193,0
-0.1502608626944797,0.21134419883644667,423,0.02727026577684193,0
-0.1502608626944797,-0.13329480422807996,424,0.02727026577684193,1
-0.08091454064274606,-0.13329480422807996,425,0.02727026577684193,0
-0.1502608626944797,-0.13329480422807996,426,0.02727026577684193,0
-0.1502608626944797,0.21134419883644667,427,-0.5991490499270039,0
-0.08091454064274606,-0.13329480422807996,428,-0.5991490499270039,0
-0.1502608626944797,0.21134419883644667,429,-0.5991490499270039,0
-0.08091454064274606,0.21134419883644667,430,0.02727026577684193,0
-0.08091454064274606,-0.13329480422807996,431,0.02727026577684193,0
-0.1502608626944797,-0.13329480422807996,432,0.02727026577684193,0
-0.08091454064274606,-0.13329480422807996,433,-0.5991490499270039,0
-0.1502608626944797,-0.13329480422807996,434,0.02727026577684193,1
-0.08091454064274606,-0.13329480422807996,435,0.02727026577684193,1
-0.1502608626944797,-0.13329480422807996,436,0.02727026577684193,1
-0.1502608626944797,-0.13329480422807996,437,0.02727026577684193,1
-0.1502608626944797,-0.13329480422807996,438,-0.5991490499270039,0
-0.1502608626944797,-0.13329480422807996,439,0.02727026577684193,0
-0.1502608626944797,0.21134419883644667,440,0.02727026577684193,0
-0.08091454064274606,-0.13329480422807996,441,0.02727026577684193,1
-0.1502608626944797,-0.13329480422807996,442,0.02727026577684193,0
-0.1502608626944797,-0.13329480422807996,443,0.02727026577684193,0
-0.08091454064274606,-0.13329480422807996,445,0.02727026577684193,0
-0.08091454064274606,-0.13329480422807996,446,-0.5991490499270039,1
-0.1502608626944797,-0.13329480422807996,447,0.02727026577684193,0
-0.1502608626944797,-0.13329480422807996,448,0.02727026577684193,0
1.4061845195991103,-0.13329480422807996,449,0.02727026577684193,1
-0.1502608626944797,-0.13329480422807996,450,-0.5991490499270039,0
-0.1502608626944797,-0.13329480422807996,451,0.02727026577684193,0
-0.08091454064274606,-0.13329480422807996,452,0.02727026577684193,0
-0.08091454064274606,-0.13329480422807996,453,0.02727026577684193,0
-0.08091454064274606,0.21134419883644667,454,0.02727026577684193,0
1.4061845195991103,-0.13329480422807996,455,0.02727026577684193,0
-0.1502608626944797,-0.13329480422807996,456,0.02727026577684193,0
-0.08091454064274606,-0.13329480422807996,457,0.02727026577684193,0
-0.08091454064274606,-0.13329480422807996,458,0.02727026577684193,0
-0.08091454064274606,-0.13329480422807996,459,0.02727026577684193,0
-0.08091454064274606,-0.13329480422807996,460,0.02727026577684193,0
-0.1502608626944797,-0.13329480422807996,461,0.02727026577684193,1
-0.08091454064274606,0.21134419883644667,462,0.02727026577684193,1
-0.1502608626944797,-0.13329480422807996,463,0.02727026577684193,0
-0.08091454064274606,0.21134419883644667,464,0.02727026577684193,0
-0.1502608626944797,0.21134419883644667,465,0.02727026577684193,0
-0.08091454064274606,-0.13329480422807996,466,0.02727026577684193,0
-0.08091454064274606,0.21134419883644667,468,0.02727026577684193,0
-0.08091454064274606,-0.13329480422807996,469,-0.5991490499270039,0
1.4061845195991103,-0.13329480422807996,470,0.02727026577684193,1
-0.1502608626944797,-0.13329480422807996,471,0.02727026577684193,0
-0.1502608626944797,-0.13329480422807996,472,0.02727026577684193,0
-0.1502608626944797,-0.13329480422807996,473,0.02727026577684193,0
-0.1502608626944797,-0.13329480422807996,474,0.02727026577684193,0
-0.1502608626944797,-0.13329480422807996,475,0.02727026577684193,0
-0.1502608626944797,-0.13329480422807996,476,0.02727026577684193,0
-0.1502608626944797,-0.13329480422807996,477,0.02727026577684193,0
-0.08091454064274606,0.21134419883644667,478,0.02727026577684193,1
-0.08091454064274606,-0.13329480422807996,479,0.02727026577684193,1
-0.08091454064274606,-0.13329480422807996,480,0.02727026577684193,0
1.4061845195991103,-0.13329480422807996,481,0.02727026577684193,0
-0.08091454064274606,0.21134419883644667,482,0.02727026577684193,0
-0.1502608626944797,-0.13329480422807996,483,0.02727026577684193,0
-0.1502608626944797,-0.13329480422807996,484,2.792478880719001,1
-0.1502608626944797,-0.13329480422807996,485,0.02727026577684193,1
-0.1502608626944797,-0.13329480422807996,486,0.02727026577684193,0
-0.1502608626944797,-0.13329480422807996,487,0.02727026577684193,0
-0.1502608626944797,-0.13329480422807996,488,0.02727026577684193,1
-0.1502608626944797,0.21134419883644667,489,0.02727026577684193,0
-0.08091454064274606,-0.13329480422807996,490,0.02727026577684193,0
-0.1502608626944797,-0.13329480422807996,491,0.02727026577684193,0
-0.1502608626944797,-0.13329480422807996,492,0.02727026577684193,1
-0.1502608626944797,-0.13329480422807996,493,0.02727026577684193,0
-0.1502608626944797,0.21134419883644667,494,0.02727026577684193,0
-0.1502608626944797,-0.13329480422807996,495,0.02727026577684193,0
-0.08091454064274606,-0.13329480422807996,496,0.02727026577684193,0
-0.1502608626944797,-0.13329480422807996,497,0.02727026577684193,0
-0.08091454064274606,-0.13329480422807996,498,0.02727026577684193,0
-0.08091454064274606,-0.13329480422807996,499,0.02727026577684193,0
-0.1502608626944797,-0.13329480422807996,500,0.02727026577684193,1
-0.08091454064274606,-0.13329480422807996,501,0.02727026577684193,0
-0.1502608626944797,-0.13329480422807996,502,0.02727026577684193,0
-0.08091454064274606,-0.13329480422807996,503,-0.5991490499270039,1
1.4061845195991103,-0.13329480422807996,504,0.02727026577684193,1
-0.1502608626944797,-0.13329480422807996,505,0.02727026577684193,0
-0.08091454064274606,0.21134419883644667,506,0.02727026577684193,0
-0.1502608626944797,-0.13329480422807996,507,0.02727026577684193,0
-0.1502608626944797,-0.13329480422807996,508,0.02727026577684193,0
-0.1502608626944797,-0.13329480422807996,509,0.02727026577684193,1
-0.1502608626944797,-0.13329480422807996,510,0.02727026577684193,0
-0.1502608626944797,-0.13329480422807996,512,0.02727026577684193,0
-0.08091454064274606,-0.13329480422807996,513,0.02727026577684193,0
-0.1502608626944797,-0.13329480422807996,514,0.02727026577684193,0
-0.1502608626944797,-0.13329480422807996,515,0.02727026577684193,0
-0.1502608626944797,-0.13329480422807996,516,0.02727026577684193,0
-0.1502608626944797,-0.13329480422807996,517,0.02727026577684193,0
-0.1502608626944797,-0.13329480422807996,518,0.02727026577684193,0
-0.08091454064274606,-0.13329480422807996,519,0.02727026577684193,0
-0.08091454064274606,0.21134419883644667,520,0.02727026577684193,0
-0.1502608626944797,0.21134419883644667,521,0.02727026577684193,0
-0.08091454064274606,-0.13329480422807996,522,0.02727026577684193,0
-0.1502608626944797,-0.13329480422807996,523,0.02727026577684193,0
-0.1502608626944797,-0.13329480422807996,524,0.02727026577684193,0
-0.1502608626944797,0.21134419883644667,525,0.02727026577684193,0
-0.1502608626944797,-0.13329480422807996,526,0.02727026577684193,0
-0.1502608626944797,-0.13329480422807996,527,0.02727026577684193,0
-0.1502608626944797,-0.13329480422807996,528,0.02727026577684193,0
-0.1502608626944797,-0.13329480422807996,529,0.02727026577684193,0
-0.1502608626944797,-0.13329480422807996,530,0.02727026577684193,0
-0.1502608626944797,0.21134419883644667,532,0.02727026577684193,0
-0.08091454064274606,-0.13329480422807996,533,0.02727026577684193,0
-0.1502608626944797,-0.13329480422807996,534,0.02727026577684193,0
-0.1502608626944797,-0.13329480422807996,535,0.02727026577684193,0
-0.1502608626944797,0.21134419883644667,536,0.02727026577684193,1
-0.1502608626944797,0.21134419883644667,537,0.02727026577684193,0
-0.1502608626944797,0.21134419883644667,538,0.02727026577684193,0
-0.1502608626944797,-0.13329480422807996,539,0.02727026577684193,0
-0.08091454064274606,-0.13329480422807996,540,0.02727026577684193,0
-0.1502608626944797,0.21134419883644667,541,0.02727026577684193,0
-0.08091454064274606,0.21134419883644667,542,0.02727026577684193,1
-0.1502608626944797,-0.13329480422807996,543,0.02727026577684193,0
-0.1502608626944797,-0.13329480422807996,544,0.02727026577684193,0
-0.1502608626944797,-0.13329480422807996,545,0.02727026577684193,0
-0.1502608626944797,0.21134419883644667,546,0.02727026577684193,0
-0.1502608626944797,-0.13329480422807996,547,0.02727026577684193,0
-0.08091454064274606,0.21134419883644667,548,0.02727026577684193,1
1.4061845195991103,-0.13329480422807996,549,0.02727026577684193,1
-0.1502608626944797,0.21134419883644667,550,0.02727026577684193,1
-0.1502608626944797,-0.13329480422807996,551,0.02727026577684193,1
-0.1502608626944797,-0.13329480422807996,552,0.02727026577684193,0
-0.1502608626944797,-0.13329480422807996,553,0.02727026577684193,0
-0.1502608626944797,0.21134419883644667,554,0.02727026577684193,0
-0.1502608626944797,-0.13329480422807996,555,-0.5991490499270039,0
-0.08091454064274606,0.21134419883644667,556,-0.5991490499270039,0
-0.1502608626944797,-0.13329480422807996,557,0.02727026577684193,0
-0.1502608626944797,1.8116496277072747,558,0.02727026577684193,1
-0.1502608626944797,-0.13329480422807996,559,0.02727026577684193,0
-0.08091454064274606,-0.13329480422807996,560,0.02727026577684193,0
-0.08091454064274606,-0.13329480422807996,561,0.02727026577684193,0
-0.1502608626944797,0.21134419883644667,562,-0.5991490499270039,1
-0.1502608626944797,-0.13329480422807996,563,0.02727026577684193,1
-0.1502608626944797,-0.13329480422807996,564,0.02727026577684193,0
-0.1502608626944797,-0.13329480422807996,565,0.02727026577684193,0
-0.08091454064274606,-0.13329480422807996,566,0.02727026577684193,0
-0.1502608626944797,-0.13329480422807996,567,0.02727026577684193,0
-0.08091454064274606,-0.13329480422807996,568,-0.5991490499270039,0
-0.1502608626944797,-0.13329480422807996,569,0.02727026577684193,0
-0.08091454064274606,-0.13329480422807996,570,0.02727026577684193,0
-0.08091454064274606,-0.13329480422807996,571,0.02727026577684193,0
-0.1502608626944797,-0.13329480422807996,572,0.02727026577684193,0
-0.08091454064274606,1.8116496277072747,573,0.02727026577684193,0
-0.1502608626944797,-0.13329480422807996,574,0.02727026577684193,0
-0.1502608626944797,-0.13329480422807996,575,0.02727026577684193,0
-0.1502608626944797,-0.13329480422807996,576,0.02727026577684193,0
