FID,rs17321515_G,rs266729_C,rs1800775_C,rs560887_A,rs8035124_A,rs2627037_A,rs1760921_G,rs2293855_A,rs5443_A,rs7554936_G,rs2946788_C,rs17302400_A,rs545854_C,rs1800849_A,rs11708067_G,rs10236187_A,rs316873_A,rs5215_G,rs3792267_A,rs11084753_A,rs7754840_C,rs6451722_A,rs13266634_A,rs4918842_A,rs1800588_G,rs2773080_A,rs260690_A,rs5219_A,rs731257_G,rs343473_A,rs591804_G,rs2073821_A,rs11868035_G,rs7997709_A,rs838880_G,rs12439433_G,rs7809589_C,rs9845457_G,rs2259816_A,rs17300539_A,rs11227699_A,rs614080_A,rs1296819_A,rs7178572_A,rs1800795_G,rs2330442_A,rs945508_A,rs17782313_G,rs7501939_A,rs12970134_A,rs518417_A,rs316598_G,rs6499640_A,rs10923931_A,rs4929949_A,rs9530435_A,rs1837606_A,rs4430796_G,rs1562194_C,rs3745367_A,rs1387153_A,rs11634397_A,rs2972146_C,rs1020605_A,rs7316821_A,rs780094_A,rs9370867_A,rs2081687_A,rs328_G,rs1884614_G,rs757705_A,rs13292136_A,rs909253_G,rs7480010_G,rs12130799_G,rs6589564_G,rs1799768_A,rs13125646_A,rs2970847_A,rs11605924_C,rs3907047_G,rs4781011_C,rs4607103_A,rs2030763_G,rs340874_G,rs539343_G,rs4463276_G,rs6104567_A,rs1044498_C,rs9287423_A,rs3734398_A,rs3923113_C,rs3943253_A,rs659366_A,rs10468017_A,rs972283_A,rs12629908_A,rs896854_A,rs7421394_G,rs887912_A,rs2943650_G,rs12779790_G,rs16861329_A,rs979752_A,rs10141971_A,rs8042680_C,rs2036402_G,rs10885122_A,rs7844723_A,rs11220462_A,rs174546_G,rs4880436_A,rs975351_A,rs3752895_A,MAT,rs2287019_A,rs9809104_G,rs870347_C,rs818386_A,rs1660861_G,rs738409_C,rs1040045_G,rs9939609_A,rs662799_G,rs6665486_A,rs10146997_G,rs1408888_C,rs10510228_G,rs10938397_G,rs10513300_G,rs1325502_A,rs12255372_A,rs6556352_A,rs2230806_A,rs10496971_C,rs7756992_G,rs708272_G,rs2815752_G,rs726344_A,rs328384_A,rs4457053_G,rs1552224_C,rs2605100_A,rs2191349_A,rs660339_A,rs2131925_C,rs6449213_G,rs1143634_A,rs1424233_G,rs713586_G,rs10512572_A,rs7745461_A,rs9816226_T,rs4746136_G,rs7138803_A,rs9546651_G,rs17150703_A,rs1871428_G,rs647325_A,rs8113143_C,rs4666200_G,SEX,rs1801282_G,rs2986742_G,rs11920090_A,rs964184_C,rs6265_A,rs1513181_G,rs7528419_G,rs987237_G,rs2028299_C,rs1027872_A,rs10889353_C,rs2844479_C,rs4670767_A,rs3737576_G,rs1514175_G,rs7961581_G,rs2357442_A,rs7034200_C,rs4846914_G,rs1333049_G,rs10838738_G,rs7903146_A,rs1800592_G,rs13400937_C,rs2373067_G,rs9987289_A,rs5768007_G,rs8192678_A,rs29941_A,PAT,rs1799884_A,rs1805081_G,rs1519543_C,rs3810291_G,rs2054576_G,rs2068888_A,rs7923837_G,rs7498665_G,rs10889337_A,rs1369093_G,rs11652805_G,rs705308_C,rs3745099_G,rs11206510_G,rs2702414_A,rs32314_A,rs688_A,rs4712652_G,rs9522149_G,rs1111875_A,rs2271293_A,rs4810479_A,rs4908343_G,rs6699816_G,rs6235_C,rs1342387_G,rs1555543_A,rs13342232_G,rs1470579_C,rs12654264_A,rs7957197_A,rs7803075_G,rs734873_A,rs9319336_A,rs12137855_A,rs36633_G,rs1529729_A,rs564398_G,rs3846662_G,rs4821004_A,rs2306040_G,rs6548238_A,rs13078807_G,rs10195252_G,rs1169288_C,rs2416791_A,rs6065906_G,rs1800591_A,rs8135828_A,rs1169300_A,rs1040404_G,rs10778660_A,rs1862513_G,rs6511720_A,rs7647305_A,rs1802295_A,rs1695_A,rs75493593_A,rs2504853_G,rs1893590_C,rs2237895_A,rs2290159_C,rs798443_G,rs2125345_G,rs925946_A,rs10839880_G,rs3856806_A,rs2228314_C,rs4944217_A,rs12544346_A,rs948028_C,rs1801133_G,rs1471939_A,rs3764261_A,rs439401_G,rs772262_A,rs12130333_A,rs757110_C,rs646776_G,rs10010131_A,rs6422347_G,rs3784230_G,rs1042713_A,rs874299_G,rs2112347_C,rs4402960_A,rs243021_G,rs1137100_G,rs16928751_A,rs174550_A,rs7557067_G,rs3118378_A,rs2354124_G,rs429358_G,rs7944584_T,rs1408801_A,rs1800629_A,rs4994_G,rs3812316_C,rs2241766_C,rs11724758_A,rs693_A,rs2167270_A,rs1260326_A,rs35767_A,rs2016520_G,rs174537_C,rs734312_G,rs662_A,rs1801253_C,rs918703_G,rs10913469_G,rs17163103_G,rs1501299_A,rs6548616_G,rs3740878_A,rs5925_A,rs12525751_A,rs2241423_G,rs3135506_G,rs757210_A,rs12310367_G,rs2237892_A,rs10865710_G,rs2241883_G,rs10108270_A,rs10007810_A,rs1950993_C,rs7238445_A,rs7106340_A,rs7164773_G,rs7566605_C,rs1153188_A,rs864745_G,rs2297508_G,rs1042714_C,rs2328848_G,rs867559_A,rs1407434_G,rs8050136_A,rs16835198_A,rs11071657_A,rs10830963_G,rs4717865_A,rs385194_G,rs2954029_T,rs1137101_G,rs13342692_G,rs2943641_A,rs206936_A,rs17145738_A,rs214678_G,rs4299376_C,rs4984913_A,rs860674_A,rs2144908_G,rs4607517_A,rs4891825_G,Obesidad
3,1,1,1,1,0,2,0,1,0,0,0,2,1,1,1,0,1,0,1,2,0,0,1,0,1,0,0,0,1,0,1,1,1,0,0,1,0,1,1,0,1,1,0,1,0,0,1,0,1,0,0,1,0,0,1,0,0,1,1,1,1,1,1,0,0,0,2,1,0,0,2,1,0,1,1,0,0,1,0,1,0,0,0,1,2,0,0,1,0,0,0,1,2,1,0,0,0,0,1,1,1,0,2,0,1,1,1,1,0,0,0,0,1,2,0,0,1,1,1,1,1,0,0,0,0,0,0,0,0,2,0,0,0,0,0,0,1,1,1,2,1,0,1,1,1,0,1,0,0,1,1,0,0,1,1,2,0,0,1,2,0,0,0,0,0,0,0,1,2,1,1,1,0,2,0,2,2,0,1,0,0,0,1,0,0,1,0,1,2,0,1,0,0,0,0,2,1,2,1,0,0,1,0,1,2,0,1,0,0,1,1,1,1,0,1,0,0,1,1,1,0,0,0,0,1,1,1,0,2,0,0,2,1,1,0,1,1,2,0,0,0,1,0,2,0,0,0,1,1,1,0,0,0,0,0,0,1,1,0,0,0,1,1,2,0,1,1,1,0,0,2,0,1,1,1,1,1,0,1,1,1,0,0,1,0,0,1,0,0,0,0,0,1,1,0,0,0,0,0,0,0,0,1,0,0,2,1,1,1,1,0,0,0,0,0,0,1,0,1,0,1,0,1,2,1,2,0,1,2,1,0,0,1,1,1,0,1,1,2,1,1,2,0,0,0,1,0,0,0,1,1
6,1,1,2,0,1,1,0,2,0,0,1,2,0,0,1,1,1,2,0,1,0,0,0,0,0,1,1,2,2,0,0,1,0,0,0,1,2,0,2,0,1,0,0,0,0,1,0,0,0,0,0,0,0,0,1,0,0,0,1,0,0,1,0,1,0,2,0,0,0,2,1,2,2,0,1,1,0,1,0,0,0,1,0,0,0,2,0,0,0,1,1,1,1,1,0,2,1,0,1,1,0,0,1,0,0,1,1,1,0,0,1,2,1,2,0,0,0,0,2,2,2,0,1,1,0,1,1,1,1,0,0,0,0,0,1,0,2,1,0,0,1,0,0,1,1,1,1,0,0,0,2,1,0,1,1,2,0,0,2,2,0,0,0,0,1,1,0,0,0,0,0,0,1,1,2,0,2,0,0,1,1,2,1,0,1,2,0,0,1,1,2,0,1,2,0,0,1,0,1,0,1,1,0,1,0,0,1,1,1,1,0,0,1,1,0,1,0,1,1,0,1,1,0,1,1,1,0,1,1,0,1,1,1,0,0,1,2,0,1,0,0,2,0,0,0,0,0,0,1,0,1,1,1,0,1,1,0,0,0,1,1,0,2,1,1,0,1,1,0,2,0,1,1,1,2,0,0,1,1,1,0,1,0,0,2,0,0,1,1,0,0,1,0,2,2,2,-1,1,1,1,1,0,0,0,0,0,0,1,0,0,0,0,0,0,0,0,2,1,0,1,0,0,0,1,0,0,0,0,2,2,1,1,1,0,0,1,1,1,0,0,0,0,0,2,1,2,0,2,1,0,0
9,0,1,1,0,1,1,0,1,1,0,0,0,0,0,1,0,1,1,0,1,1,0,1,1,1,0,2,1,0,0,0,1,1,2,2,1,1,0,0,0,1,0,2,1,0,1,1,0,0,0,0,1,0,0,0,1,0,0,0,2,1,2,1,0,0,2,1,0,0,1,0,0,0,0,0,0,0,1,0,1,0,0,0,0,1,0,0,1,0,0,1,1,0,1,0,0,2,2,1,0,1,0,1,0,0,1,1,0,0,0,1,1,1,2,0,0,1,1,2,1,0,0,1,0,1,0,1,0,1,1,0,0,0,1,1,1,1,1,1,1,1,0,1,0,1,2,1,1,1,2,1,1,0,1,0,1,0,1,1,2,0,0,0,0,0,1,1,2,1,0,0,1,2,1,0,1,1,0,1,0,1,1,1,0,0,2,1,2,0,1,2,0,0,1,0,2,0,1,2,1,2,1,0,0,1,0,0,1,0,2,0,1,0,1,2,0,0,1,1,1,0,2,0,1,1,1,1,0,1,0,2,1,0,0,0,-1,0,0,0,0,0,0,1,2,1,0,0,0,0,1,1,0,0,0,0,0,0,2,0,1,1,0,0,1,0,0,1,0,1,1,1,0,0,0,0,1,1,0,0,0,1,1,0,1,0,1,0,0,0,0,0,0,2,0,1,2,0,1,1,0,1,1,0,1,1,1,0,0,2,0,1,1,0,0,0,1,1,0,0,0,1,0,1,1,0,1,1,1,2,2,0,1,0,0,1,0,1,0,1,1,1,2,0,1,0,1,1,1,0,0,0
11,1,2,1,0,1,1,0,1,1,0,1,2,1,0,0,0,0,1,0,0,0,0,0,0,0,1,1,1,1,0,0,1,1,1,1,1,1,0,1,1,0,2,1,1,0,0,0,0,2,0,1,1,0,1,2,0,0,2,1,0,0,1,0,0,1,0,0,0,1,0,0,0,1,0,0,0,0,2,0,1,2,1,1,1,0,1,0,1,1,0,0,0,2,1,0,2,2,0,0,1,0,1,1,1,1,0,1,0,1,0,0,2,1,1,0,0,1,2,1,2,0,1,0,0,2,0,2,0,1,1,0,0,2,0,1,0,1,0,0,1,1,0,0,2,1,1,0,0,2,0,1,1,0,0,1,1,0,1,0,0,0,0,0,0,0,0,0,1,2,1,0,0,1,1,2,2,2,0,0,1,2,1,1,0,0,0,1,1,1,1,0,0,1,0,0,2,0,2,0,1,1,1,0,0,2,0,2,0,0,1,1,1,1,1,0,0,0,1,1,0,1,0,0,0,2,0,0,1,1,1,1,2,0,0,0,0,1,1,0,0,0,1,0,0,0,0,0,0,2,0,1,0,0,1,1,0,2,0,0,0,0,1,1,2,2,1,0,1,0,1,2,1,0,2,1,2,0,1,0,0,1,0,1,0,0,0,0,1,0,0,0,0,2,1,0,0,0,0,0,1,1,0,0,0,0,1,1,1,1,0,1,0,2,1,1,0,0,1,1,1,1,0,1,0,1,1,1,0,2,1,1,0,1,0,0,1,1,1,1,0,0,0,0,2,0,1,0,0,1,0,0
15,0,1,0,1,1,1,1,0,1,1,0,2,0,0,0,1,1,2,0,1,1,1,0,2,0,0,0,2,0,0,1,1,0,1,0,1,0,0,2,0,2,0,0,0,1,0,0,1,0,1,0,1,0,0,1,1,1,0,0,0,0,1,1,0,0,0,0,0,0,1,0,1,0,1,0,0,0,1,0,2,1,0,1,0,0,1,0,0,1,0,0,0,2,2,0,1,0,1,1,1,1,0,2,1,0,1,0,0,0,0,0,1,0,2,0,0,1,1,1,1,1,1,0,0,1,1,0,2,0,0,0,1,1,1,1,1,1,1,0,1,2,1,0,0,2,2,0,0,0,1,1,2,0,1,0,0,0,0,0,1,0,0,0,1,1,0,1,0,0,1,0,1,2,2,1,2,1,0,0,1,0,2,0,1,1,0,1,1,1,0,1,0,0,0,0,-1,0,1,2,0,2,2,1,0,1,0,1,0,2,0,1,1,0,0,1,0,0,2,1,1,1,1,0,1,1,1,0,1,0,0,1,2,1,0,0,0,2,1,0,0,1,2,0,1,0,0,0,1,0,1,1,1,1,0,2,0,1,1,0,1,1,1,0,1,1,1,2,1,0,2,0,1,0,0,2,0,1,1,0,1,0,0,1,0,1,0,0,1,0,0,1,0,2,1,1,0,1,0,0,1,1,1,1,0,1,0,0,0,0,0,0,0,0,0,1,2,1,0,0,1,0,0,1,0,0,0,0,0,0,1,0,0,1,0,0,0,1,0,2,1,1,0,1,2,0,1,0,1,0,0,0
18,0,1,0,0,1,0,0,0,1,0,1,0,0,0,1,1,2,1,1,1,0,1,0,0,2,1,1,1,0,1,1,1,1,1,1,0,1,0,0,0,1,1,0,0,0,2,0,0,0,0,0,2,0,0,1,0,1,0,0,1,0,0,0,0,0,0,0,0,0,2,2,0,0,0,0,0,0,1,0,2,1,0,1,0,0,1,0,1,0,1,1,2,1,0,0,1,0,1,1,0,1,0,1,0,1,0,0,1,0,1,1,0,0,2,0,0,1,1,0,1,1,1,0,0,2,1,0,1,1,0,1,0,1,1,0,0,0,0,1,0,0,1,0,2,0,0,1,0,2,1,2,2,0,0,1,2,0,0,1,1,0,0,0,0,0,0,0,0,0,0,0,0,0,2,0,0,2,0,2,0,1,0,2,0,0,0,1,0,1,0,1,0,0,1,0,1,0,2,0,0,0,1,0,0,0,0,0,0,2,0,0,1,1,1,0,0,1,1,0,0,0,0,1,0,1,1,2,0,1,0,1,1,1,0,1,2,0,1,1,1,1,0,1,0,1,0,1,0,1,0,0,1,1,1,0,1,0,0,0,1,0,1,2,1,0,1,2,1,0,1,0,1,0,0,1,1,1,0,0,0,0,1,1,0,2,1,0,1,0,0,0,1,0,1,1,0,-1,0,1,1,1,0,0,0,1,1,1,0,0,1,1,0,0,1,0,0,1,1,1,0,1,0,0,0,0,1,0,0,0,1,0,0,0,0,0,0,1,0,0,0,0,1,0,0,0,0,0,2,0,0,0
29,1,1,2,1,2,0,0,1,2,1,1,0,0,0,2,2,1,0,1,0,1,0,0,1,2,2,2,0,2,0,1,0,1,2,1,-1,2,1,1,0,0,0,1,1,1,1,0,1,2,1,0,1,1,0,1,0,2,2,2,0,1,0,1,0,1,2,0,1,0,1,1,0,1,0,1,0,0,1,0,0,0,2,0,1,1,0,2,-1,0,2,1,1,2,0,1,2,0,1,0,0,1,0,0,1,0,2,0,0,0,1,2,0,1,2,0,0,1,0,0,1,1,0,1,0,2,0,0,0,2,0,1,0,-1,1,0,1,2,0,0,0,0,0,0,2,1,0,1,1,1,0,1,0,0,2,0,-1,0,0,2,0,0,0,0,0,0,0,0,2,1,1,0,0,0,1,0,1,1,0,2,1,1,1,1,-1,1,0,2,0,1,1,0,0,0,2,0,0,1,1,1,0,0,0,1,2,0,0,0,2,1,1,1,1,0,0,0,0,0,1,1,0,0,1,1,2,0,1,-1,1,1,1,1,1,0,0,0,2,1,1,2,2,0,1,2,2,0,0,0,0,1,0,0,1,0,0,0,0,0,1,0,2,0,1,0,2,2,0,1,0,0,0,1,0,0,0,0,2,1,0,0,0,1,2,0,2,2,0,1,-1,0,0,0,1,1,1,0,2,-1,0,2,0,2,1,1,-1,0,0,0,1,1,1,1,0,2,1,0,0,1,0,0,0,0,0,1,1,0,2,0,0,1,2,2,1,1,2,1,0,2,1,0,0,1,1,0,0,0,1,1,1,0,0,0
30,1,1,0,0,0,2,2,1,1,0,0,2,0,0,1,0,1,0,1,1,0,0,1,0,0,0,1,0,0,0,1,0,0,0,0,1,1,0,1,0,2,0,1,1,0,2,0,0,2,1,0,2,0,1,1,0,0,2,0,0,0,1,0,0,0,1,0,0,0,0,1,0,1,0,2,0,0,1,0,1,1,0,0,1,1,1,0,0,1,0,0,0,0,2,0,1,2,1,1,0,0,1,0,0,0,0,-1,0,0,1,0,1,1,2,0,0,0,2,2,1,2,0,0,0,0,1,1,2,0,1,1,0,2,0,2,1,0,0,0,0,0,0,1,0,2,1,0,0,0,0,2,2,0,0,0,0,2,2,0,1,0,0,0,0,0,0,0,1,0,2,1,1,1,1,1,1,0,0,1,0,0,1,1,0,2,0,0,0,1,0,1,0,0,1,1,1,1,0,1,1,1,1,1,0,1,0,2,1,0,0,0,1,1,0,0,1,0,0,2,1,0,0,0,2,1,0,0,2,0,0,0,1,2,0,0,0,1,2,0,0,0,1,0,1,0,0,0,1,0,1,1,1,1,0,0,0,0,1,0,0,0,2,0,0,0,1,2,2,1,0,0,0,0,1,1,0,0,0,0,0,0,0,0,0,0,1,0,0,0,0,0,1,0,1,2,1,-1,1,0,0,0,0,0,1,0,0,0,2,2,0,1,0,2,1,1,1,0,0,1,1,1,0,0,0,0,1,0,0,2,1,0,0,2,1,0,1,0,1,0,1,0,2,0,2,0,0,1,0,0,2,0
33,0,0,0,0,1,0,0,1,0,1,2,0,0,0,1,1,1,0,1,0,0,0,1,0,2,0,1,0,0,0,1,1,1,1,2,0,2,0,0,0,1,1,1,2,0,0,1,1,2,1,1,2,0,0,1,0,0,2,0,0,1,2,0,1,0,1,1,1,0,1,1,1,1,0,0,1,1,0,0,2,1,0,1,2,0,1,0,0,0,0,0,0,1,0,0,1,1,1,1,0,0,0,0,0,1,1,1,0,0,0,2,1,1,0,0,0,0,1,0,1,1,0,0,1,1,0,1,1,0,0,0,0,2,0,1,1,0,1,1,0,0,0,1,1,0,0,0,0,0,0,2,2,0,0,1,1,0,1,1,1,0,0,0,1,1,1,1,2,0,1,0,1,0,1,2,1,1,0,0,1,0,2,1,0,1,0,0,1,2,1,0,0,0,1,1,1,0,1,0,1,0,1,1,0,0,0,1,2,1,2,1,1,0,0,0,1,0,2,0,1,1,1,1,0,1,1,0,1,0,0,1,1,0,0,0,0,1,1,1,0,0,0,0,0,0,0,0,1,1,1,0,1,0,0,0,0,0,0,0,2,0,1,1,0,0,1,1,2,0,0,0,0,0,1,1,1,1,1,1,0,0,2,0,1,0,1,0,1,0,1,1,0,1,1,2,1,0,1,2,1,2,0,1,1,0,1,0,1,0,0,1,0,2,0,0,1,1,0,0,0,0,0,1,1,1,1,1,0,1,0,0,0,0,0,1,1,1,0,0,1,0,0,1,1,1,0,0,1,0,0,0
36,0,2,0,0,0,1,0,0,0,0,0,1,1,1,1,1,0,0,0,0,0,0,0,0,1,1,1,0,0,0,1,1,1,1,1,0,0,0,1,1,2,0,0,1,0,1,0,0,0,1,0,1,1,0,0,0,0,0,2,0,0,1,0,0,1,0,1,1,0,1,1,0,1,0,2,0,1,1,0,1,1,1,0,2,1,0,1,1,0,1,0,1,0,1,0,1,1,1,2,0,0,0,1,0,0,0,2,0,2,0,0,0,0,0,0,0,0,0,0,1,0,0,0,0,1,0,2,1,1,2,0,0,2,0,1,1,0,0,0,0,1,0,2,1,1,1,1,1,0,1,1,1,0,1,0,0,0,0,1,1,0,0,0,0,0,1,0,2,0,1,0,2,1,2,1,0,1,1,0,1,1,1,1,0,0,0,0,0,1,1,1,0,0,0,1,1,0,1,1,2,1,2,2,0,1,0,1,2,1,1,1,0,0,1,0,0,0,2,2,1,0,1,1,0,0,0,0,1,0,1,2,1,1,0,0,1,1,0,0,0,0,1,1,1,0,0,0,0,1,1,1,2,0,2,0,2,0,1,0,0,1,1,1,2,1,2,1,1,1,0,0,2,1,0,0,1,1,0,1,0,0,0,1,0,1,1,0,2,0,0,0,0,2,1,1,0,1,0,0,2,1,0,2,1,1,0,0,1,1,1,0,1,0,0,0,0,2,0,0,0,0,1,0,0,1,2,1,0,0,0,2,0,1,1,1,2,1,0,0,1,0,0,0,1,1,1,0,1,0,1,1
37,0,0,0,0,0,1,1,0,0,1,0,2,1,0,0,1,1,1,1,1,1,0,0,1,0,0,0,1,0,0,1,1,0,0,0,0,2,2,1,0,1,0,0,0,0,0,0,0,1,1,0,0,0,0,0,0,1,1,2,0,0,2,0,0,1,0,0,0,0,1,1,0,1,0,0,1,0,1,0,1,1,1,1,2,1,1,0,0,1,0,0,2,0,1,0,2,1,1,1,0,1,0,1,1,0,0,1,0,0,0,0,0,0,0,0,0,0,1,1,0,2,0,0,1,1,0,1,2,1,2,1,0,1,0,1,1,0,1,1,1,0,0,1,1,1,1,0,0,2,0,1,2,1,1,0,1,0,0,1,0,0,0,0,1,0,1,0,1,0,2,0,0,1,2,1,0,2,0,0,1,0,0,2,0,0,2,0,1,1,0,1,0,0,0,0,2,0,1,1,0,1,1,0,0,2,1,2,0,0,0,0,2,0,1,2,0,0,1,1,1,1,0,1,2,1,0,0,1,0,0,0,0,1,1,0,2,1,0,0,0,0,1,0,0,0,0,1,1,0,1,2,0,1,1,0,0,0,0,0,0,1,1,1,1,0,1,1,2,1,1,0,0,1,2,1,0,0,1,2,0,0,0,0,0,1,0,0,1,0,2,0,0,0,2,1,0,1,0,0,0,0,0,0,0,0,1,1,1,2,0,1,0,1,1,1,0,1,0,0,0,1,0,0,1,0,0,0,0,2,1,2,0,0,0,0,1,1,0,1,1,0,0,0,1,0,0,0,1,0,0,0
38,1,1,2,0,0,2,1,0,0,0,0,0,1,0,1,1,0,1,1,0,0,1,1,1,2,0,1,1,2,0,0,1,2,0,1,0,0,0,1,0,0,1,0,0,2,0,0,0,1,0,0,0,1,1,1,0,0,1,0,2,1,0,0,0,0,0,0,1,0,1,0,0,2,2,0,0,0,2,0,1,2,1,0,2,1,1,1,0,1,0,0,0,1,1,0,0,1,1,1,0,1,1,1,1,1,1,1,0,0,0,2,1,1,1,0,0,0,2,2,1,1,1,1,0,0,0,2,1,0,1,1,0,1,1,2,0,2,0,0,1,2,1,0,2,1,1,0,1,0,1,1,2,0,1,0,1,0,1,0,0,2,0,0,0,0,0,1,0,0,0,0,0,1,1,1,1,1,1,0,1,0,1,1,1,1,0,0,2,0,0,1,0,0,0,0,1,1,1,1,0,1,0,2,0,1,0,1,1,0,0,0,1,0,0,0,0,0,1,1,1,0,1,0,1,2,0,0,1,1,1,1,0,0,1,0,0,1,0,0,0,0,1,0,0,1,0,0,0,1,1,1,2,0,0,0,1,0,0,0,0,1,1,0,0,2,0,1,1,1,1,0,0,1,2,0,1,0,0,0,0,0,2,1,0,1,1,1,1,1,1,1,0,1,0,0,0,0,0,2,1,0,0,1,0,0,0,1,2,2,0,1,0,1,1,0,1,0,0,0,1,2,1,0,1,0,0,2,0,1,0,1,1,0,0,1,0,0,1,1,1,1,1,1,0,0,0,0,1,0,1,0
47,1,2,1,0,1,2,0,0,1,1,1,0,0,0,1,1,2,0,0,2,1,0,1,1,0,0,2,0,1,0,0,1,1,1,0,0,2,0,1,1,1,1,0,0,0,1,1,1,0,1,1,1,2,0,0,0,2,1,2,0,1,1,1,0,2,2,0,0,0,1,1,1,0,0,1,0,1,1,0,1,1,2,1,1,1,1,1,0,1,0,2,0,1,1,1,2,1,0,0,1,1,2,1,0,0,1,1,1,1,0,0,1,0,1,0,0,0,0,0,1,1,0,0,0,0,0,0,0,1,1,0,0,1,0,1,1,2,1,0,1,1,0,0,0,0,0,0,1,1,0,0,1,0,0,0,0,1,1,1,1,0,0,1,1,0,0,0,2,0,2,0,0,0,0,1,1,1,1,0,0,0,1,1,1,1,1,1,0,1,0,2,0,2,2,0,2,0,1,1,1,0,0,1,1,0,0,0,0,1,2,1,2,0,2,0,0,0,2,2,0,0,1,0,1,0,2,0,0,1,0,1,2,1,0,0,0,2,1,0,1,0,1,1,1,1,1,0,0,1,0,0,0,1,0,1,0,0,0,0,0,1,1,0,1,1,0,1,1,0,0,0,0,0,1,0,2,1,0,2,0,0,0,0,1,1,1,0,1,0,1,0,0,0,0,2,2,0,0,0,0,1,1,2,0,0,0,1,0,1,0,0,0,0,1,1,1,0,0,0,0,2,0,0,1,0,2,1,1,2,1,1,0,2,1,1,2,0,1,0,0,1,2,0,0,0,2,1,1,2,0,1
48,0,2,1,0,1,1,0,0,1,0,0,1,2,1,1,1,1,2,0,0,1,0,0,0,0,0,0,2,1,0,1,0,1,1,2,2,1,1,0,1,0,1,0,1,0,2,0,0,1,0,0,1,0,0,1,0,0,1,1,0,1,2,0,0,0,0,0,0,0,0,0,0,2,0,2,0,0,0,0,2,2,0,0,0,1,0,0,0,0,0,0,0,1,1,0,2,2,1,1,0,0,0,2,0,0,0,0,0,0,1,0,0,0,1,0,0,1,1,2,1,0,1,0,0,1,0,0,2,0,1,0,0,0,0,2,2,1,0,1,0,0,0,1,0,1,0,0,0,0,0,2,0,0,1,0,1,1,0,1,1,1,0,1,1,0,1,0,0,0,2,0,0,0,1,1,1,1,0,0,0,0,0,1,0,1,1,0,1,0,0,0,0,0,0,0,2,0,0,0,2,0,1,0,0,1,0,2,0,1,1,0,0,1,0,1,0,0,2,1,1,1,2,0,0,1,1,0,1,2,0,2,0,2,1,0,0,0,0,1,0,0,0,0,0,0,1,0,0,1,1,1,1,1,1,1,1,2,0,1,1,0,1,0,1,0,1,0,1,0,2,0,0,1,1,1,0,1,1,1,1,0,0,0,0,0,0,0,0,0,1,0,0,0,1,2,0,1,0,0,0,1,0,0,0,0,1,0,0,1,0,1,1,1,0,1,1,2,1,0,0,0,0,0,1,0,0,1,0,0,1,1,0,1,2,1,1,0,0,2,1,0,0,0,2,1,1,0,0,0,0,0
58,0,0,1,0,1,2,0,1,1,0,1,2,2,1,1,1,1,1,0,1,1,0,1,0,1,0,0,1,1,0,0,2,1,0,1,1,0,1,0,0,1,1,0,2,0,0,0,0,1,0,0,1,0,1,0,0,1,1,1,1,1,2,0,0,1,1,0,0,0,0,0,1,2,0,2,1,1,2,0,2,2,0,1,1,2,0,0,0,1,1,0,0,0,1,0,1,2,1,1,0,0,1,0,1,1,0,2,0,0,0,0,1,1,0,0,0,2,2,1,2,1,0,0,1,0,0,0,2,0,1,0,0,1,0,1,1,1,0,0,1,1,0,1,0,1,1,0,0,2,0,1,2,0,1,0,1,0,0,1,1,0,0,1,0,0,1,0,0,0,1,0,0,1,2,1,0,0,0,0,2,2,2,0,1,1,0,0,1,2,1,2,0,1,0,1,1,1,1,1,1,1,2,0,0,0,0,1,0,0,0,0,1,0,0,0,0,0,1,1,1,0,1,0,0,1,0,0,0,0,0,1,2,1,1,0,0,0,2,0,0,0,0,0,1,0,0,0,0,1,1,0,1,1,0,0,0,0,1,0,0,2,1,2,0,0,1,0,0,0,1,0,0,0,2,2,1,1,0,1,0,0,0,0,0,0,0,0,1,0,1,1,0,0,2,0,1,0,0,0,0,0,0,0,1,0,0,0,0,2,0,0,0,1,1,1,1,1,0,0,2,1,0,1,1,0,0,1,0,1,1,0,0,2,2,1,0,0,0,0,1,0,0,1,2,0,1,2,0,1,1,0
60,1,2,0,0,2,2,1,1,0,0,1,0,1,0,0,1,1,2,0,1,1,0,0,1,1,0,2,2,0,0,2,0,1,1,2,1,1,1,2,1,1,0,1,1,0,1,1,0,0,0,0,1,0,0,1,0,2,0,0,0,0,2,0,0,0,0,0,1,0,0,1,0,1,0,1,0,2,0,0,2,1,0,0,0,2,1,1,2,0,1,0,0,1,0,1,1,1,1,2,0,0,0,1,0,1,1,0,2,0,1,0,0,1,1,0,0,0,1,0,0,1,0,0,0,1,0,0,1,1,0,1,0,1,1,2,1,0,0,0,1,1,0,0,0,0,1,0,1,0,2,1,0,1,1,0,1,1,2,0,1,0,0,0,0,1,0,0,1,0,0,0,1,1,1,1,1,1,0,0,2,1,2,1,1,1,1,0,0,0,0,1,0,0,0,1,1,1,0,1,2,1,2,1,0,0,0,0,1,1,2,0,1,1,1,0,0,0,1,1,1,1,1,0,0,1,1,1,1,1,0,1,0,0,0,0,0,2,0,0,0,0,2,0,1,0,0,1,0,1,1,0,0,1,0,1,0,1,0,0,2,1,2,1,1,1,1,1,1,0,2,0,1,0,0,1,1,1,1,0,1,0,0,1,0,1,0,0,1,0,1,0,0,0,1,1,0,1,0,0,1,1,1,1,1,0,1,0,0,0,0,1,0,0,0,1,1,0,0,0,0,1,0,2,1,0,0,1,1,1,1,1,0,0,2,0,0,0,1,2,1,0,1,0,1,0,1,1,0,0,0,1
71,1,1,0,0,0,1,0,0,0,1,0,0,2,0,0,1,2,0,0,1,1,0,0,0,2,0,1,0,1,0,1,1,0,1,2,1,0,0,1,0,1,1,1,2,1,2,1,0,0,0,0,1,0,0,2,0,1,0,1,0,1,0,0,0,0,2,1,0,0,1,0,1,0,0,1,1,2,1,0,1,1,0,1,0,1,2,0,1,0,0,0,0,0,2,0,0,1,1,1,1,0,0,0,0,0,0,0,0,0,0,0,0,1,1,0,1,1,1,2,0,2,1,0,1,0,0,1,1,1,1,0,0,1,0,0,1,0,0,2,1,1,0,0,1,2,1,1,1,2,1,0,1,0,0,1,1,0,1,0,0,0,0,1,2,0,1,0,0,0,1,0,1,0,2,1,2,0,0,1,1,0,1,1,0,2,2,0,0,1,0,1,0,0,0,0,1,1,0,2,1,1,0,1,0,1,0,1,1,1,0,0,2,0,1,0,0,0,0,2,1,0,0,0,0,1,0,0,1,1,0,1,1,2,0,0,0,1,1,0,0,0,1,1,1,0,0,1,0,1,1,1,2,1,0,2,0,1,0,1,0,0,1,1,2,0,2,0,0,0,0,0,1,1,1,1,1,0,0,1,1,0,0,0,1,0,0,1,1,0,1,0,2,1,0,1,2,1,0,0,1,2,0,0,1,0,0,0,1,1,0,0,0,0,0,1,2,1,0,0,1,1,0,0,0,0,1,0,1,1,0,1,0,0,2,1,0,1,1,1,1,0,0,0,1,0,1,0,1,0,0,0
82,1,1,1,0,1,1,0,0,1,0,1,1,1,1,1,1,1,0,1,1,0,0,0,0,0,1,0,0,0,0,0,2,0,1,1,0,0,0,1,0,2,0,0,2,0,1,0,0,2,0,0,2,0,0,0,0,0,2,0,1,1,0,0,0,1,0,0,0,0,1,0,0,0,0,1,0,0,0,0,1,2,0,0,1,0,0,0,0,0,1,0,0,0,1,0,1,1,1,1,0,0,0,2,0,0,0,1,0,1,0,0,1,0,0,0,0,1,1,2,0,0,0,0,0,0,1,0,2,0,1,1,0,1,1,1,0,1,0,0,1,2,0,1,0,1,1,0,0,0,0,2,2,0,0,0,1,1,2,0,0,0,0,0,0,0,0,0,0,0,1,1,2,1,1,2,1,0,0,1,1,2,1,1,0,2,0,0,0,1,1,2,0,1,1,0,2,1,0,0,0,1,2,1,0,0,0,1,1,1,1,0,0,0,1,0,0,0,0,0,1,0,1,1,1,0,0,0,1,0,0,1,0,2,0,0,0,1,0,0,1,0,1,1,0,0,0,0,0,0,1,2,0,1,1,1,0,0,0,0,0,0,0,0,1,0,1,1,0,1,0,0,0,1,1,0,1,1,0,2,1,0,0,0,0,1,0,0,0,0,0,0,0,1,1,2,0,0,0,0,0,1,0,0,0,0,1,0,0,1,0,0,0,2,0,1,1,1,0,1,0,0,0,1,0,0,0,0,0,0,2,1,0,1,0,1,0,1,1,2,1,0,1,0,1,0,0,1,1,1,0,0
94,1,1,2,0,1,0,0,0,1,0,2,0,0,1,0,2,0,1,1,1,0,1,1,1,1,0,1,1,0,0,0,1,1,2,1,0,1,1,1,0,1,0,1,1,0,2,0,0,0,0,0,0,0,1,0,0,0,0,1,1,0,1,1,0,1,2,1,1,2,1,1,0,1,2,0,1,0,0,0,0,1,0,0,0,1,0,1,0,0,0,1,0,2,1,1,1,0,0,1,1,1,1,1,0,0,0,1,1,2,0,1,2,1,0,0,0,0,1,0,1,2,1,0,1,0,0,0,0,2,0,0,1,0,1,1,0,2,0,0,1,1,1,0,0,1,0,0,0,1,2,0,0,0,1,2,1,1,2,1,1,1,0,0,0,0,1,1,1,0,0,1,0,0,0,2,0,1,0,0,0,0,1,1,1,1,2,2,0,0,2,1,0,1,1,1,0,0,1,1,1,0,0,0,0,1,0,1,2,1,1,0,1,0,1,0,1,1,1,0,1,0,1,0,2,1,0,0,0,1,0,1,1,1,0,0,0,1,2,0,0,1,1,1,1,1,0,0,1,1,1,2,0,2,0,0,2,0,1,0,1,1,2,1,1,2,0,0,1,0,1,0,1,0,2,0,0,1,0,1,1,0,1,1,0,1,0,0,1,1,0,0,0,2,0,1,2,0,0,1,1,0,1,1,1,1,0,0,2,1,0,1,0,0,0,0,1,1,0,1,0,0,0,1,1,0,2,1,1,2,1,0,0,2,2,0,1,0,1,1,1,1,1,0,0,0,2,1,1,1,0,1
98,1,0,1,0,1,1,0,0,0,0,0,1,1,0,0,0,0,1,0,0,0,0,1,0,0,0,0,-1,1,0,0,0,-1,1,2,1,0,-1,0,0,2,0,1,1,0,2,0,0,1,1,0,2,0,0,2,1,1,1,1,1,0,0,0,0,0,2,0,0,0,0,0,0,1,0,1,2,0,1,0,1,0,0,1,0,0,2,0,0,0,0,0,0,1,0,0,1,2,1,1,0,0,0,2,0,0,0,1,0,1,1,0,2,0,0,0,0,1,2,2,0,1,0,0,2,0,1,2,1,0,2,1,0,2,0,1,2,1,0,0,1,1,0,1,1,0,1,0,0,0,0,2,2,0,0,1,2,0,1,0,0,0,0,0,0,0,2,0,1,0,1,0,0,1,1,0,1,0,0,2,0,2,2,-1,0,2,0,0,1,1,0,1,0,1,1,1,1,2,1,0,0,1,2,0,0,1,0,2,0,2,1,0,0,0,0,-1,0,0,1,1,2,0,0,0,0,0,1,0,0,0,0,0,0,2,0,0,0,0,0,0,0,0,0,1,1,0,0,0,0,0,2,1,0,1,0,1,0,0,1,0,0,2,0,1,1,1,1,1,2,1,1,0,0,1,1,0,0,0,0,1,1,0,0,2,0,0,-1,0,0,0,-1,1,0,1,0,-1,2,1,0,0,0,2,-1,0,0,0,1,0,1,0,0,0,-1,1,0,1,0,1,0,0,1,0,0,1,0,0,0,2,0,0,1,0,0,2,1,0,1,1,1,1,2,0,0,1,0,0,0,0,0,1,0,0
100,1,1,2,0,1,2,0,2,0,0,0,2,2,0,1,1,1,1,1,0,0,0,0,1,1,1,0,1,1,0,1,2,0,2,2,0,1,1,0,1,1,1,0,0,0,1,1,0,1,1,0,0,0,0,2,1,0,1,1,0,0,1,0,0,1,1,0,0,0,2,2,1,0,0,0,1,0,2,0,2,2,1,2,0,0,2,1,1,0,0,0,1,1,2,1,0,1,0,1,0,0,0,1,0,0,1,1,0,0,1,0,0,0,1,0,1,0,1,2,1,1,1,0,1,0,1,2,2,0,1,0,0,1,0,0,0,2,0,1,0,1,1,1,0,2,0,0,0,0,1,1,2,2,0,0,1,1,1,1,1,0,0,0,0,0,1,1,0,0,1,0,2,0,2,0,1,0,1,0,1,0,1,0,0,2,2,0,1,0,0,0,0,1,0,0,2,0,1,0,2,0,0,1,0,0,0,2,0,0,1,0,1,0,0,1,0,1,1,2,1,1,2,0,0,1,2,1,1,2,0,2,1,1,0,0,1,0,1,0,0,0,0,1,0,0,0,2,0,1,1,2,2,1,0,0,1,0,1,0,1,1,2,1,1,0,0,2,1,0,1,0,1,0,1,1,0,2,1,0,0,0,0,0,0,0,0,0,0,0,1,0,0,0,1,0,1,0,0,0,1,0,1,1,0,1,1,0,0,2,0,0,0,1,0,0,1,0,1,1,0,0,0,0,0,0,2,0,1,0,1,1,0,0,1,0,1,0,1,0,1,0,0,0,2,0,1,1,2,1,1,1
104,1,0,0,0,1,2,0,1,2,1,0,1,0,0,0,1,2,1,0,1,0,0,0,2,0,0,0,1,1,0,2,1,1,2,2,1,1,1,0,0,2,0,1,0,0,0,0,0,0,1,0,1,1,0,1,1,1,1,1,0,0,1,0,0,1,0,0,0,0,1,1,0,1,0,1,0,0,2,0,1,1,1,1,0,1,1,1,1,0,1,1,0,1,0,0,2,0,0,1,0,0,0,1,0,1,0,1,0,1,1,0,1,2,0,0,0,0,0,1,1,0,0,0,0,0,1,1,1,0,1,0,0,2,0,0,0,1,0,0,1,2,0,1,1,0,2,2,0,2,1,1,1,0,0,1,0,0,0,1,1,1,0,0,1,0,0,0,1,1,0,1,0,2,0,0,0,0,0,1,1,1,0,0,0,1,0,2,1,1,1,1,0,1,0,0,1,1,2,0,1,2,2,1,1,1,0,0,0,0,1,0,1,1,1,1,0,0,1,1,1,1,0,0,1,1,0,1,0,1,0,0,0,1,0,0,0,0,1,0,0,1,0,1,1,0,0,0,1,1,1,2,2,2,0,2,0,0,2,0,1,0,0,1,0,0,0,2,0,0,1,1,0,0,1,0,1,0,1,0,1,0,0,1,1,0,1,0,1,0,1,0,0,0,1,1,0,0,0,0,1,2,0,0,0,0,1,0,0,2,1,1,0,0,0,1,0,0,0,0,1,0,0,0,0,2,2,0,1,1,2,0,0,1,1,0,0,0,1,1,1,0,1,0,0,0,2,1,1,1,0,0
113,1,0,0,0,1,1,0,0,0,1,0,0,1,0,1,1,2,1,1,0,0,0,1,1,0,1,1,1,1,0,0,1,1,0,1,0,0,1,0,0,1,1,0,1,0,2,0,0,0,1,0,1,1,1,1,1,1,1,0,0,0,1,0,0,1,0,0,0,0,1,2,1,0,1,1,0,0,1,0,1,1,0,0,1,0,0,1,0,0,1,0,0,1,0,0,2,1,0,1,0,0,2,1,0,0,0,0,1,0,1,1,0,1,0,0,0,0,2,0,1,1,0,1,0,1,1,1,1,1,0,0,0,1,2,0,0,0,1,0,0,0,0,0,2,0,1,0,0,0,0,1,2,0,2,0,1,0,1,2,0,0,0,0,0,0,0,1,1,1,1,0,0,1,0,2,0,0,0,2,1,0,0,0,0,0,0,1,1,0,0,0,0,0,1,1,2,1,1,2,1,1,1,0,1,1,0,0,0,2,0,0,0,0,0,0,1,2,2,1,0,0,2,1,1,1,1,0,2,0,1,2,0,2,0,0,0,0,1,1,0,0,0,2,1,0,0,0,1,1,0,1,0,1,1,0,1,1,0,0,0,0,2,1,2,2,2,0,0,0,1,1,1,1,1,1,0,2,0,1,0,0,1,1,1,0,0,1,1,0,1,0,1,0,1,1,0,0,0,1,1,2,1,1,1,1,0,1,1,0,0,1,0,0,0,0,1,1,0,1,0,1,0,1,1,0,0,1,1,1,0,1,1,1,2,0,1,0,1,0,0,0,1,0,0,0,1,1,1,0,0,0
114,0,2,0,0,1,1,1,1,1,0,1,2,0,0,1,1,1,0,0,1,1,0,1,1,1,0,1,0,0,0,1,1,0,1,2,0,1,0,1,1,2,0,1,1,0,0,1,0,1,1,0,0,1,0,1,1,0,1,1,0,0,0,0,0,1,2,0,0,0,0,0,0,0,1,0,0,1,1,0,1,0,1,0,0,0,0,0,1,0,0,0,0,2,0,0,0,1,1,1,0,0,1,1,1,0,0,0,0,0,0,0,2,1,0,0,0,1,1,1,1,1,1,0,0,1,0,1,1,0,2,0,0,1,0,1,1,1,0,1,0,1,0,1,2,0,2,0,0,2,0,1,1,0,2,0,0,1,0,1,0,0,0,0,0,0,0,1,2,0,0,0,1,2,2,2,1,1,0,2,0,0,1,0,0,1,1,0,0,1,1,2,0,0,2,0,1,0,2,0,0,2,2,0,0,1,0,1,0,0,0,0,2,0,0,0,0,0,1,1,0,0,1,0,0,0,1,0,1,1,1,1,1,1,0,0,0,1,1,0,0,0,1,1,0,0,0,0,1,0,0,0,1,0,0,1,0,1,0,0,1,2,2,0,1,1,0,0,1,2,0,0,0,0,0,1,1,1,0,2,1,0,0,1,0,1,0,0,1,0,0,0,0,1,0,1,2,0,0,0,0,1,1,1,1,0,0,0,1,2,0,1,0,1,1,0,1,2,0,1,0,1,0,1,0,1,1,0,1,0,2,1,0,0,1,0,0,1,0,1,0,0,1,0,1,0,0,0,0,0,0,0
116,0,0,2,0,0,0,0,0,1,1,1,1,0,0,0,2,0,0,1,1,0,1,1,1,0,0,0,0,1,2,1,1,1,2,1,0,1,2,2,0,1,1,1,1,0,0,0,1,0,1,0,1,1,1,1,2,1,1,2,0,0,1,1,0,1,0,1,0,0,2,0,0,1,1,1,0,1,0,0,2,0,2,0,1,1,0,2,0,1,1,0,1,1,1,0,0,1,2,1,0,1,1,1,0,0,0,0,1,1,0,0,0,2,1,0,0,0,0,0,2,1,0,0,0,0,0,1,0,0,1,1,1,1,1,0,0,2,1,0,1,1,0,0,2,1,1,0,0,0,1,0,0,0,1,2,2,0,1,1,1,1,0,0,1,1,0,1,2,0,1,0,1,1,0,1,1,2,0,1,1,1,1,0,1,1,0,0,1,1,1,1,0,0,1,0,0,1,1,1,1,1,1,0,1,1,0,2,2,1,1,1,1,0,1,1,0,0,1,0,1,1,1,0,2,0,2,1,1,1,0,1,1,1,0,1,2,1,0,0,0,1,1,1,0,1,1,1,1,1,1,1,2,1,1,0,0,0,1,1,0,0,1,1,1,0,0,2,0,1,0,0,0,0,1,1,0,1,1,1,0,0,0,1,0,1,0,0,1,0,0,1,0,1,0,1,0,2,1,0,1,0,1,0,1,0,0,0,2,1,0,0,0,1,0,0,0,0,0,1,1,0,1,0,1,0,0,1,1,1,2,2,0,1,1,0,1,1,0,1,1,1,1,1,0,0,0,0,2,0,0,0
119,0,2,0,0,1,0,0,0,1,0,2,1,1,0,2,1,0,1,0,1,2,0,0,0,1,1,0,1,2,0,0,0,1,2,1,1,0,1,1,1,0,2,2,1,1,1,1,0,1,0,0,1,1,0,1,0,0,1,1,0,0,1,0,0,1,0,1,1,0,1,0,1,1,0,0,0,1,2,0,1,0,1,0,2,0,0,1,2,0,2,0,1,1,1,0,1,1,0,2,1,0,0,0,0,0,0,1,0,1,0,1,0,1,1,0,0,1,2,1,1,1,0,1,0,0,0,1,0,2,1,0,0,1,1,2,2,0,0,1,1,0,1,0,1,1,1,1,0,1,1,2,2,0,0,1,1,0,0,1,1,0,0,0,0,0,0,0,2,0,1,0,0,1,0,1,1,1,1,0,0,0,2,1,0,2,0,1,0,2,1,2,0,0,1,1,0,1,0,2,0,1,1,0,0,1,1,1,0,0,0,1,1,0,1,2,0,0,1,1,0,0,1,0,1,1,0,0,0,2,0,1,1,1,0,1,1,1,0,0,0,0,1,1,0,0,0,0,1,2,0,1,0,1,1,0,2,1,0,0,1,0,1,1,2,0,2,1,1,0,1,0,1,0,2,0,1,1,0,0,0,0,1,0,0,0,0,0,1,0,0,0,1,2,1,1,0,1,0,1,1,0,0,0,0,2,0,1,2,2,0,1,0,1,1,1,1,0,0,0,1,1,0,1,0,0,1,1,0,0,0,2,1,1,1,0,1,2,0,1,0,0,0,0,0,0,1,1,1,0,0,1
122,0,0,0,0,1,1,1,0,1,1,1,1,0,2,1,0,1,2,1,1,0,0,0,1,1,0,1,2,1,1,0,0,1,1,2,1,1,0,0,0,1,0,1,1,0,0,0,0,0,0,0,1,1,0,0,0,2,0,1,0,0,1,0,0,0,0,0,0,1,1,1,0,2,0,1,0,0,0,0,1,1,1,2,1,0,1,0,2,0,0,0,1,2,1,0,2,2,0,1,1,0,1,0,0,0,0,0,0,2,0,0,1,1,1,0,0,0,0,1,1,1,2,1,0,1,1,0,2,0,0,0,1,1,0,0,0,1,1,0,1,0,0,0,2,1,1,0,0,0,0,1,0,0,2,1,1,0,1,1,1,1,0,0,0,0,1,1,1,0,2,0,0,1,1,0,2,1,0,1,0,1,1,2,1,1,2,1,0,1,0,2,0,0,2,-1,2,0,1,0,0,1,1,0,0,0,0,0,0,1,0,0,1,1,0,0,1,0,1,1,0,1,0,0,1,1,1,0,0,0,0,0,2,1,0,0,1,0,1,1,0,2,0,1,1,0,0,0,0,1,0,1,1,1,0,0,1,0,1,0,2,1,0,0,2,1,1,1,2,0,2,0,0,0,0,1,1,0,1,2,1,1,0,1,1,0,1,0,0,0,0,1,1,1,0,2,0,1,0,0,0,0,1,0,0,0,0,0,0,1,0,1,1,0,1,1,1,1,1,1,1,1,0,0,1,0,1,1,1,2,2,1,1,2,1,0,1,1,0,2,0,0,0,1,2,0,1,0,1,0,1,0
126,1,0,1,0,0,2,0,0,2,0,0,1,1,1,2,0,1,2,1,1,0,0,1,1,0,0,2,2,1,0,0,0,1,0,0,2,2,1,2,0,2,0,0,1,1,1,0,0,0,0,0,2,0,0,2,0,1,0,1,0,0,0,0,1,0,1,0,0,0,0,1,0,0,0,2,1,1,2,0,2,1,0,0,1,0,2,0,1,0,0,0,0,0,0,0,1,2,0,1,0,0,1,0,0,0,1,0,1,0,1,0,2,1,0,0,0,0,1,2,2,2,0,0,1,0,1,1,0,0,0,0,1,2,1,1,0,1,0,0,1,2,0,1,1,0,1,1,0,0,0,1,2,1,1,1,1,0,1,0,0,2,0,1,0,0,1,0,2,0,1,1,1,1,0,0,2,1,0,1,2,1,1,2,1,1,0,1,0,1,0,1,0,0,1,1,2,0,0,0,1,1,2,0,0,0,0,1,1,1,0,0,1,0,1,0,1,1,1,1,0,0,0,0,1,0,1,0,0,0,0,0,1,1,0,0,0,2,2,0,1,0,2,0,1,0,0,1,0,0,0,2,0,1,0,0,0,0,0,0,2,1,0,2,1,1,1,0,1,0,2,0,0,0,2,1,1,0,0,1,1,0,0,0,0,0,0,0,1,0,0,0,0,0,2,2,1,2,0,0,0,0,-1,0,0,2,2,0,0,1,0,2,0,0,0,1,1,0,0,0,1,1,0,0,0,0,2,1,1,1,1,0,0,2,1,0,1,2,1,1,0,0,0,0,1,0,1,1,0,0,0,0
130,0,0,0,0,0,1,0,0,1,1,1,1,2,0,2,1,2,0,0,1,0,0,1,0,0,0,1,0,1,0,0,1,1,0,0,0,2,1,2,0,2,0,0,0,1,1,1,0,0,0,0,1,0,0,2,0,0,0,1,1,2,1,0,0,0,0,1,0,0,0,1,1,1,0,0,1,1,1,0,1,1,0,1,1,2,1,0,2,0,0,0,0,1,0,0,0,2,1,2,0,0,0,0,0,0,0,0,0,1,0,1,1,1,2,0,0,1,1,2,0,1,0,0,1,0,1,1,0,2,0,0,0,0,1,0,0,0,0,0,1,1,0,0,1,0,1,1,0,0,1,0,1,0,0,0,1,1,0,0,1,0,0,0,0,0,1,0,1,0,0,1,0,1,1,1,0,1,0,1,0,1,1,1,0,1,0,0,0,1,0,1,0,1,0,0,1,0,2,1,1,1,1,0,0,1,0,1,0,1,0,0,1,0,0,0,0,0,0,1,1,1,2,0,1,1,0,0,1,0,0,2,0,0,0,0,0,1,0,0,1,1,2,0,1,0,0,0,0,0,1,1,0,2,1,0,1,1,1,0,0,0,1,2,0,0,1,0,1,1,0,0,0,0,1,0,1,1,1,1,0,0,1,1,0,0,0,1,0,0,0,0,1,1,0,2,0,0,0,1,0,2,0,0,1,0,1,0,2,1,1,1,0,0,1,2,1,2,0,0,1,0,0,1,0,0,1,0,0,0,0,0,0,1,0,1,1,1,0,0,1,0,0,0,2,0,1,0,0,1,0,0
142,2,1,0,0,1,2,0,1,1,1,0,1,0,0,1,2,2,1,1,1,1,0,0,1,0,0,1,1,1,0,2,1,0,0,0,0,1,1,0,0,1,0,0,2,1,0,0,0,0,0,0,1,1,0,1,0,1,0,0,1,1,1,1,0,0,0,1,0,1,0,1,0,1,0,0,1,0,0,0,1,1,0,0,0,1,1,0,1,0,1,0,0,1,1,0,2,2,1,2,2,1,0,1,0,1,1,1,0,1,0,1,1,1,1,0,0,1,2,1,1,1,0,0,1,0,1,0,1,0,1,1,0,1,0,0,1,0,1,1,1,0,0,1,1,1,1,0,0,0,0,2,1,0,2,1,0,0,0,1,1,0,0,0,0,0,1,0,1,0,1,0,1,1,1,0,0,1,0,1,0,0,2,0,0,1,0,0,2,1,0,1,0,0,1,1,1,1,1,1,0,1,2,1,1,0,0,1,2,1,1,0,1,0,0,0,0,1,2,1,0,0,1,1,1,0,1,0,1,1,0,1,2,2,0,0,0,0,1,0,0,0,0,0,1,1,0,0,0,1,0,1,0,0,0,1,1,0,0,0,0,1,0,0,0,1,1,1,0,0,1,0,0,0,1,1,2,1,0,2,0,0,1,0,1,0,0,0,1,0,0,0,0,2,0,1,0,0,0,1,0,0,0,0,0,0,1,0,0,1,0,2,0,0,0,0,1,0,2,1,0,0,1,1,1,1,1,0,1,2,1,1,0,0,2,1,1,0,2,0,0,1,1,0,1,0,2,1,0,0,0,0
146,1,1,1,0,0,0,0,0,0,1,1,0,1,0,0,1,1,1,0,0,0,0,0,0,1,0,1,1,0,0,0,2,1,0,1,1,0,1,0,0,0,1,0,2,0,0,0,0,1,0,0,0,1,0,2,0,1,1,0,0,1,1,1,0,1,0,1,0,0,2,0,0,1,0,0,1,2,1,0,1,2,1,0,2,0,1,1,1,1,1,0,1,0,0,0,0,1,1,2,0,1,0,1,0,1,0,1,0,0,0,1,1,2,1,0,0,0,2,0,1,1,0,0,1,1,1,1,1,0,1,2,0,1,0,0,0,1,1,0,1,2,0,0,2,0,1,1,0,0,0,1,1,1,0,0,2,0,1,1,0,0,0,0,0,0,1,0,0,0,2,0,0,1,1,1,0,1,0,0,1,1,0,2,0,1,1,0,2,0,1,1,0,0,0,0,1,1,2,2,2,1,1,0,0,1,0,2,1,2,1,1,0,1,2,1,1,1,0,1,0,0,2,0,0,0,2,0,0,1,0,2,1,0,0,0,1,0,1,0,0,0,0,0,0,0,1,1,2,1,0,1,0,2,1,1,0,2,1,0,0,0,2,0,2,0,0,0,2,0,1,0,2,0,1,1,2,2,0,0,0,0,1,0,0,0,0,0,0,0,0,0,0,0,0,2,0,0,0,1,2,1,0,2,0,0,0,0,1,0,0,0,0,1,0,1,1,2,0,0,1,2,0,1,1,0,1,1,0,1,2,1,0,2,0,1,0,0,1,1,0,1,2,0,1,0,1,1,2,0,1,0
147,0,2,0,0,1,1,0,0,1,1,1,2,0,0,2,0,1,1,1,1,1,0,0,2,0,0,1,1,1,0,0,0,0,0,1,1,2,0,0,1,0,1,0,0,0,1,0,0,1,1,0,1,0,0,0,0,1,1,1,0,0,1,0,0,0,0,0,0,0,1,1,0,0,0,0,0,1,2,0,0,1,1,1,1,0,1,0,2,0,1,1,1,1,2,0,0,1,1,1,1,0,1,0,0,0,0,1,1,2,0,0,1,1,0,0,0,0,1,1,1,0,1,0,0,0,0,1,2,0,0,0,0,0,2,2,1,0,1,0,0,0,0,2,2,2,2,1,0,0,0,0,0,1,0,0,1,1,1,2,0,0,0,0,0,0,0,0,2,0,1,0,0,2,2,0,0,2,0,2,1,1,0,0,0,1,0,1,0,0,0,1,0,1,1,0,1,0,0,1,1,2,1,0,1,1,0,1,1,0,1,0,0,0,1,0,0,1,0,2,0,0,2,1,0,1,0,1,1,2,1,2,2,2,1,0,0,0,1,0,0,0,0,2,1,0,1,1,1,1,0,2,1,1,1,0,1,1,2,0,1,1,0,0,1,2,2,1,1,0,1,0,0,0,0,0,2,0,0,1,1,0,0,0,1,0,1,0,0,0,0,0,0,2,0,0,0,0,0,0,0,2,0,1,0,2,0,1,1,2,0,0,0,1,1,0,0,0,0,1,1,0,0,0,2,0,1,0,0,0,0,2,0,2,0,0,1,1,0,1,0,0,1,1,1,0,2,0,1,1,0,0
150,0,1,0,0,1,2,0,2,2,0,1,1,0,1,1,2,2,1,1,0,0,0,1,1,1,0,0,1,0,1,1,1,0,1,1,2,0,0,1,0,1,1,1,1,0,0,1,0,1,0,0,0,0,0,0,0,1,1,1,1,0,2,0,1,1,0,0,0,0,0,1,0,0,0,1,1,0,1,0,1,2,0,1,1,1,1,0,1,1,0,0,0,1,2,0,2,0,2,0,0,0,1,1,0,2,0,1,0,0,1,0,1,0,0,0,0,2,1,1,1,1,0,1,1,0,0,0,1,0,1,0,0,1,1,2,0,0,0,1,0,1,0,0,1,2,0,1,0,0,0,0,2,0,1,0,2,0,0,1,1,0,0,1,1,0,1,1,1,0,2,0,1,0,2,1,0,1,0,0,1,1,1,1,0,0,0,1,1,0,1,0,0,1,0,1,2,1,0,0,1,0,1,0,0,0,0,0,1,1,0,0,1,0,0,0,0,1,2,0,0,0,0,0,1,1,0,1,2,2,0,0,0,1,0,0,0,1,1,1,1,0,1,0,0,1,1,0,0,1,0,2,0,1,0,0,2,1,0,0,0,0,0,0,1,0,2,1,0,0,1,0,0,0,1,1,0,0,0,0,0,1,0,1,0,0,0,0,0,0,1,1,0,2,0,1,0,0,0,0,0,1,0,0,1,0,0,0,1,0,0,0,0,1,0,1,1,1,0,0,2,1,0,1,0,0,2,0,0,0,2,1,1,1,1,0,0,1,0,1,0,0,0,1,2,0,0,1,0,1,0,0
151,1,0,1,0,2,1,0,0,0,1,0,1,2,0,1,1,0,1,1,1,1,1,2,1,0,1,0,1,1,0,1,0,1,1,1,1,2,2,0,0,0,0,0,0,1,2,1,0,0,1,0,0,1,0,2,0,1,0,1,1,1,0,1,0,1,1,0,0,0,2,0,1,0,0,0,1,0,1,0,0,1,1,0,1,2,1,0,0,0,0,2,1,0,1,0,1,2,2,0,1,1,0,1,0,0,0,1,0,1,0,1,0,0,1,0,0,1,1,1,1,0,1,0,1,0,0,1,1,0,1,0,0,1,1,2,1,1,1,0,0,1,0,0,2,1,2,0,0,1,1,2,1,0,0,1,1,0,1,0,1,1,0,0,0,1,1,0,2,1,1,0,0,1,0,2,1,1,0,1,0,2,2,1,0,1,1,1,1,0,1,1,0,0,0,2,1,1,1,2,1,2,2,0,0,1,0,1,2,2,0,0,0,0,1,1,1,0,0,1,1,0,2,0,1,2,2,0,0,0,0,2,0,2,0,0,1,0,2,0,0,0,0,1,0,1,0,0,1,1,1,1,0,2,0,1,0,1,0,0,0,1,1,2,1,0,1,1,2,0,1,1,1,0,2,1,1,1,0,1,1,0,1,0,0,1,1,0,1,0,1,0,0,2,2,1,1,0,0,1,1,2,0,1,0,1,0,0,2,0,0,1,0,0,1,1,1,1,1,0,0,0,0,0,0,0,1,1,0,1,1,1,0,1,1,1,0,1,1,2,1,1,1,0,1,0,0,1,2,0,0,1
164,2,0,0,0,1,0,0,1,0,0,0,0,0,1,2,1,1,0,1,0,0,0,0,1,1,1,1,0,0,1,1,2,0,2,1,0,2,2,1,0,0,2,0,1,1,0,1,0,1,1,0,0,0,1,0,1,1,1,0,1,0,0,0,0,2,1,0,1,0,1,0,0,0,0,2,0,0,1,0,1,1,2,0,2,0,1,0,1,0,0,0,1,0,1,1,0,1,0,0,0,0,0,0,2,0,0,2,0,0,0,2,0,2,2,0,0,1,0,2,0,1,0,1,0,1,1,1,1,1,2,0,1,1,1,0,0,1,0,1,1,2,0,0,0,2,0,0,0,0,1,0,1,0,1,0,1,1,2,0,0,0,0,1,0,0,1,0,1,0,2,1,0,0,1,1,1,0,0,1,1,1,1,1,1,1,1,1,0,2,0,0,0,1,0,0,2,1,2,0,1,0,0,0,0,1,0,2,1,0,1,1,1,1,0,0,0,0,1,1,0,0,0,0,0,0,1,0,2,1,1,0,1,0,0,1,1,1,1,1,0,0,1,1,2,0,0,0,2,2,0,1,2,2,1,1,1,1,1,0,2,1,1,1,1,0,1,2,1,0,0,0,0,0,0,0,0,0,0,1,1,0,2,2,0,1,0,0,2,0,0,0,1,0,0,2,1,1,1,2,1,1,0,1,0,1,1,0,1,1,0,2,1,1,0,1,1,0,0,0,1,1,0,1,1,0,1,0,2,1,2,1,1,1,1,0,0,1,2,1,0,0,0,0,0,1,1,0,1,1,0,0
165,0,0,0,0,0,2,0,0,0,2,2,0,0,0,1,2,1,0,2,1,1,0,1,2,2,0,0,0,1,1,1,2,2,0,0,0,1,0,1,0,1,0,2,2,0,1,1,0,0,0,0,2,0,0,1,0,0,0,0,1,0,2,0,0,0,1,1,0,0,2,1,0,0,0,0,0,1,1,0,1,1,2,0,2,1,1,0,0,0,0,1,0,1,0,0,1,0,1,1,0,1,1,1,0,0,1,1,0,1,0,0,0,1,1,0,0,1,2,1,1,1,0,1,0,0,1,1,1,0,1,0,0,0,1,1,1,2,1,1,1,0,0,1,2,0,0,0,0,1,0,1,0,0,0,1,0,0,0,0,0,0,0,0,0,0,0,0,0,0,1,0,0,0,1,1,1,1,0,1,2,2,1,2,0,1,1,1,0,1,0,1,0,1,0,0,1,1,1,1,1,0,1,0,0,1,1,2,0,1,2,0,1,1,0,2,0,1,1,1,0,1,1,1,0,0,0,0,0,2,0,1,0,0,0,0,0,1,2,0,0,0,1,0,0,0,0,0,0,1,0,0,2,2,0,0,0,0,0,0,0,1,2,1,1,1,1,0,0,0,0,0,0,0,0,1,1,1,1,1,0,0,0,0,1,0,0,0,0,0,0,0,1,0,2,0,1,1,0,0,0,1,1,2,0,0,0,1,2,0,0,1,0,0,1,2,1,0,0,0,1,2,0,0,0,0,0,2,0,2,1,1,1,1,1,0,1,0,0,0,0,0,1,0,0,0,1,1,2,1,0,0
169,0,1,2,1,1,2,0,0,0,1,0,1,0,0,0,0,0,2,1,0,0,1,0,0,1,0,1,2,1,0,1,0,0,1,2,0,1,0,2,0,0,1,1,2,0,0,1,0,0,0,0,1,0,0,0,0,1,0,2,0,0,2,1,0,0,0,0,0,0,1,1,0,0,0,0,0,0,2,1,2,0,0,1,1,0,0,1,2,0,0,1,0,2,1,1,1,1,1,1,0,1,0,1,0,1,0,0,0,1,1,1,1,1,0,0,0,1,1,1,2,1,0,0,0,0,1,1,1,1,0,1,0,0,0,1,0,2,2,1,1,2,0,2,0,1,2,2,0,1,0,1,1,0,0,2,2,1,1,0,1,0,0,0,0,0,0,0,0,1,1,0,0,0,0,1,1,2,0,0,1,2,1,1,1,1,0,0,0,2,0,1,0,0,1,0,1,0,0,1,1,2,0,1,0,1,0,0,1,1,0,2,1,0,0,0,0,1,0,1,0,0,1,0,0,1,0,1,1,1,1,1,0,1,1,0,1,2,1,0,1,0,2,1,0,0,0,0,0,1,0,2,0,1,0,0,1,1,0,0,0,0,1,1,1,1,0,0,2,0,2,1,2,0,1,1,0,2,0,0,1,0,1,1,1,0,0,1,1,0,1,1,0,0,1,1,0,0,1,1,2,2,0,1,0,0,0,0,2,0,2,1,0,0,1,1,2,1,0,0,1,2,1,1,1,0,0,0,1,0,1,1,0,1,0,0,0,2,0,1,0,1,2,1,0,1,1,0,1,0,1,0
181,0,0,0,1,2,1,2,0,1,0,0,1,2,0,1,2,1,1,0,1,0,0,0,1,2,0,2,1,2,0,1,1,1,2,0,1,1,1,1,0,1,1,0,2,0,1,2,0,0,0,0,1,0,0,1,0,1,1,0,0,0,1,0,0,1,0,0,2,0,1,2,0,1,1,0,0,0,1,0,0,0,0,0,0,1,2,1,1,0,0,1,1,1,1,1,1,1,2,1,0,0,0,2,0,0,1,2,0,1,0,1,1,1,2,0,0,1,1,1,1,0,0,0,0,2,1,1,0,1,0,0,1,1,1,1,0,0,0,1,2,1,0,0,0,1,2,1,0,1,2,0,0,0,2,0,0,0,0,0,0,0,0,0,0,0,0,1,1,1,1,1,0,2,1,0,0,0,0,1,1,1,1,1,1,0,1,2,1,0,0,1,0,1,1,0,2,1,1,0,1,2,1,1,1,1,0,1,0,0,1,2,2,1,1,0,0,1,2,0,0,0,0,0,1,1,1,0,0,2,1,0,1,2,0,0,1,1,0,0,0,0,1,1,0,1,1,0,1,1,0,0,1,0,0,0,1,0,1,0,1,0,0,0,2,1,1,1,0,2,1,1,1,0,1,1,0,0,0,1,0,0,1,1,1,2,0,1,1,0,0,0,1,1,1,1,0,0,2,1,2,2,1,2,0,0,0,1,1,2,0,1,0,0,1,0,0,1,0,1,1,1,1,1,0,0,1,1,1,1,1,0,0,1,1,0,1,1,0,0,0,0,1,0,2,0,1,1,1,1,0,0
188,0,0,0,0,0,0,0,0,0,1,0,0,0,1,0,1,0,0,0,1,0,0,1,1,2,0,2,0,0,0,1,1,0,1,1,0,0,1,0,0,1,0,1,1,0,1,0,0,0,0,0,0,1,0,0,1,1,0,1,0,0,0,1,0,1,0,1,1,0,2,1,0,1,1,0,0,1,0,1,1,0,1,1,1,0,2,1,0,0,1,0,1,2,1,0,0,0,0,2,0,1,0,1,0,1,0,0,0,1,0,1,0,0,1,0,0,1,0,0,0,1,0,1,0,1,1,2,0,0,2,2,0,1,0,1,0,0,0,0,0,0,0,1,2,1,1,0,1,1,0,0,1,0,2,1,2,0,1,1,2,1,0,1,0,0,1,0,2,1,1,0,1,1,1,2,1,1,0,2,1,1,0,1,0,1,0,1,0,1,0,1,0,2,1,1,2,0,2,1,2,1,1,0,0,0,0,2,1,1,1,1,2,0,2,0,0,2,0,1,2,1,1,1,1,0,1,0,0,1,1,2,1,0,0,0,1,0,0,0,0,0,0,0,0,0,0,0,1,1,2,1,0,2,0,1,1,0,0,0,2,0,0,2,2,1,0,0,1,1,0,1,1,0,2,1,1,1,1,1,1,0,1,2,1,2,0,0,2,0,0,0,1,0,0,0,0,0,0,1,2,1,1,0,0,1,0,0,1,1,0,2,1,0,0,2,1,1,1,0,1,0,0,0,0,0,0,0,0,2,1,1,1,1,2,0,1,1,0,2,2,1,1,0,1,0,1,0,2,2,1,0
193,1,2,0,1,0,0,0,0,1,0,0,1,0,0,1,1,1,0,1,1,0,0,1,0,0,0,1,0,1,0,0,1,1,1,0,1,2,-1,1,1,1,0,0,1,1,1,1,1,1,1,0,1,1,0,2,0,1,1,0,0,0,0,0,1,0,1,0,0,0,2,0,1,1,0,0,1,0,2,0,1,1,0,1,2,2,1,1,1,0,0,0,1,1,0,0,1,2,0,0,0,0,1,2,0,0,1,1,0,0,0,0,1,1,0,0,0,0,1,1,2,0,0,1,0,0,0,1,2,1,1,0,0,1,1,1,0,0,0,2,1,1,0,1,0,1,1,0,0,0,0,2,1,0,0,0,2,0,2,0,0,0,0,0,0,0,2,0,0,0,2,0,0,1,1,1,0,1,0,1,1,2,1,0,0,2,2,0,0,0,1,1,0,0,1,1,2,0,1,0,0,1,1,1,1,2,0,1,0,0,1,0,1,0,0,0,0,0,2,1,2,1,0,0,0,2,1,0,1,0,0,0,1,1,0,0,1,1,1,0,0,0,1,2,2,0,0,0,0,0,2,1,2,0,0,2,0,0,0,0,0,0,1,2,1,0,1,1,2,1,0,0,1,1,1,0,0,0,0,2,1,1,0,1,1,0,0,1,0,0,0,0,0,1,1,1,1,0,0,0,1,1,-1,0,0,1,0,0,0,2,0,0,2,1,0,0,0,0,0,1,1,2,0,0,0,0,2,1,0,0,1,1,1,0,1,0,0,1,1,2,2,0,2,1,1,0,1,1,2,0,0,0
199,1,1,0,0,1,1,0,1,0,2,0,1,1,0,1,2,1,0,1,1,1,0,0,1,2,1,0,0,2,0,0,0,2,1,1,1,1,1,0,0,1,1,1,0,1,1,0,0,0,0,0,1,0,0,1,0,0,0,1,1,1,1,1,0,0,1,1,0,0,1,0,0,2,1,0,0,0,0,0,2,1,2,0,1,1,1,1,0,0,0,0,0,0,1,0,1,2,1,1,0,1,1,2,0,1,1,1,1,2,1,1,1,1,2,0,0,0,1,1,1,1,2,0,0,2,0,1,0,1,1,1,0,1,1,2,1,1,0,0,0,1,0,0,1,1,1,0,0,0,0,0,1,0,1,0,1,0,2,1,1,1,0,0,0,1,0,1,1,0,0,0,0,1,1,0,0,0,0,1,2,1,1,1,1,0,0,1,1,1,0,1,0,1,0,0,2,1,1,0,0,1,1,0,0,0,1,1,1,0,0,0,1,0,0,0,0,0,0,0,0,0,1,0,0,1,1,1,1,0,0,1,0,1,1,0,0,0,1,1,1,0,0,1,0,1,0,0,1,1,0,1,1,1,2,1,0,0,1,0,0,0,1,0,2,0,1,2,1,1,0,0,0,0,0,0,2,1,0,2,0,0,1,0,1,1,1,0,1,0,0,0,1,1,1,1,1,1,0,1,0,0,0,1,1,0,0,0,1,2,0,0,0,0,0,1,2,2,0,0,1,2,1,1,0,1,0,2,0,0,0,2,0,2,1,2,0,0,1,1,0,1,0,0,1,1,2,2,1,1,0,0
202,0,2,0,0,0,2,0,1,1,0,0,2,1,0,0,0,1,1,1,1,0,0,0,0,1,0,0,1,0,0,0,1,1,0,0,1,0,0,0,1,2,1,0,1,0,0,0,0,1,0,0,0,1,0,0,0,0,1,1,0,0,1,0,0,1,1,0,1,0,1,0,0,1,0,1,1,0,1,0,1,2,0,2,0,1,0,0,1,0,0,0,0,1,2,1,2,1,1,2,0,0,0,1,0,0,0,1,0,1,0,0,1,0,1,0,0,0,1,2,0,1,0,1,1,0,1,2,1,0,1,0,0,0,1,1,1,0,1,1,1,0,0,1,0,2,2,0,0,0,0,1,1,0,0,0,2,0,1,0,1,0,0,1,0,0,1,0,0,1,2,1,2,2,0,0,1,0,0,0,0,1,1,0,0,2,0,0,1,2,0,2,0,0,0,0,0,0,0,1,0,2,1,0,1,0,0,0,0,0,0,0,1,1,1,0,1,0,1,1,1,0,1,0,2,0,1,0,0,2,0,1,2,2,0,0,0,0,0,1,0,0,0,0,0,0,0,0,0,1,1,0,1,2,0,0,0,0,1,1,1,0,0,0,1,0,0,1,1,2,1,1,0,1,2,0,0,1,0,0,1,0,0,1,0,0,0,0,1,0,1,0,0,1,1,1,1,0,0,0,1,2,0,0,1,0,0,0,0,1,0,1,0,1,0,2,2,1,0,1,1,0,0,0,1,0,1,1,1,1,1,0,1,1,2,0,2,0,0,2,1,0,0,0,2,0,1,0,0,0,1,1
205,1,1,0,0,1,2,1,1,1,0,1,2,1,0,0,1,0,1,1,0,1,0,0,0,0,1,0,1,0,0,0,1,1,1,2,1,1,0,0,0,1,1,0,0,0,0,1,0,1,0,0,1,0,0,1,0,0,1,0,0,0,2,0,0,0,1,0,0,0,0,0,1,0,0,1,0,1,1,0,1,1,0,0,1,2,1,0,0,0,0,0,0,0,1,0,2,2,0,2,0,0,1,1,0,1,1,2,0,2,0,0,1,1,2,0,0,0,2,1,0,0,0,0,0,0,0,2,1,0,1,0,0,1,0,1,1,0,1,1,1,0,0,0,0,1,0,1,0,0,1,1,2,0,1,1,1,1,0,0,0,0,0,0,0,0,1,1,1,1,2,1,1,0,0,0,0,0,0,0,1,1,1,1,0,1,0,1,1,1,1,0,0,1,0,0,0,0,0,0,2,0,1,1,0,1,0,2,1,0,0,0,1,0,2,0,0,0,1,0,0,1,1,0,1,2,0,2,1,0,0,1,1,2,0,0,0,0,1,0,0,0,0,0,0,0,0,1,0,1,0,1,0,1,0,1,1,1,0,0,1,0,1,0,0,0,1,1,1,0,1,1,1,0,0,2,2,1,1,1,1,0,0,1,0,0,0,0,0,0,1,0,0,0,1,0,1,1,0,0,1,1,0,0,1,1,1,0,1,1,0,0,1,1,1,1,1,0,0,1,0,0,0,0,0,0,0,1,0,0,0,0,0,0,0,0,1,1,1,2,0,0,1,0,1,2,0,0,0,1,0,0
208,0,1,1,0,0,2,0,0,1,0,0,1,0,0,1,1,1,1,0,0,1,0,1,0,0,0,0,1,1,0,0,0,0,1,1,1,2,2,0,0,1,1,0,2,0,0,0,0,0,0,0,0,0,0,1,0,0,0,1,1,1,1,0,0,0,1,0,0,0,0,1,0,0,1,1,0,0,0,0,2,1,0,1,1,1,1,0,0,1,0,0,0,1,1,1,0,0,1,0,0,0,0,2,1,0,0,1,0,1,0,0,2,1,0,0,0,1,2,2,0,0,0,0,0,0,1,2,2,0,1,0,0,1,0,2,1,1,1,2,0,1,0,1,0,1,0,0,0,0,0,0,2,0,0,0,0,0,1,0,1,0,0,0,0,0,0,0,1,1,1,0,0,0,2,1,1,0,0,0,2,1,1,1,0,0,0,0,1,1,2,1,0,1,1,1,1,0,0,1,1,0,2,1,0,1,0,1,1,0,0,0,0,0,1,0,1,0,1,1,1,2,0,0,1,1,1,0,0,1,0,0,0,0,0,1,0,0,1,0,0,1,0,0,0,1,0,0,1,1,1,0,1,1,0,0,1,0,0,0,0,0,1,1,1,1,0,1,2,0,1,1,0,0,0,0,1,0,2,0,0,0,0,2,0,1,0,0,0,0,0,0,0,1,0,0,1,1,0,0,1,1,0,0,1,0,0,0,1,1,0,0,0,0,0,0,2,0,0,1,0,0,0,1,1,0,2,0,0,1,1,1,0,0,1,2,1,0,0,0,1,0,0,0,1,0,0,1,0,1,0,1
212,0,0,0,0,2,1,1,0,0,0,0,1,1,0,0,1,1,2,0,1,0,1,2,0,1,0,2,2,1,0,1,1,1,1,1,0,0,0,2,0,1,0,0,1,0,0,1,0,0,0,0,0,1,0,1,0,0,0,1,0,1,1,0,1,0,1,0,0,0,0,1,0,0,1,0,1,1,0,0,1,0,1,0,1,2,1,1,1,0,0,0,0,0,1,2,1,0,1,0,0,0,0,1,1,1,2,0,0,0,0,1,1,0,1,0,0,2,0,1,1,2,1,0,1,0,0,0,1,2,1,0,0,2,0,1,0,1,1,1,0,0,0,0,1,1,1,0,1,0,2,0,0,0,2,0,1,0,0,1,2,1,0,0,0,0,1,0,0,1,0,1,1,0,1,0,2,1,0,0,0,1,2,1,0,1,1,1,0,1,0,1,0,0,0,0,1,0,2,1,1,1,0,1,0,0,0,2,0,0,1,0,1,0,1,0,1,0,1,0,1,0,1,0,0,2,2,1,1,2,0,1,1,1,1,0,0,2,0,0,1,0,2,1,0,0,0,0,0,1,1,1,1,0,0,0,2,1,2,0,0,0,2,1,0,1,1,1,1,0,2,1,0,1,2,1,1,0,0,1,0,1,1,1,1,0,0,0,1,0,0,0,0,2,1,0,1,0,1,1,1,1,0,0,0,1,0,0,1,2,0,1,0,0,1,0,2,1,0,0,1,1,0,0,0,0,1,1,0,1,2,2,0,1,1,1,0,1,0,1,1,0,2,0,1,1,0,1,0,0,1,0
217,0,0,2,0,1,1,0,0,1,1,0,1,0,0,1,2,1,0,1,1,0,0,2,1,2,0,1,0,2,1,1,0,1,2,2,0,2,0,1,1,0,0,0,1,1,0,2,1,0,0,1,0,2,0,1,0,1,0,0,0,0,1,1,1,1,0,0,0,0,1,0,0,0,0,0,0,0,1,1,0,2,1,0,2,2,2,1,2,1,1,2,1,2,0,1,0,1,1,0,0,1,0,1,0,0,2,1,0,1,0,2,0,1,0,0,0,2,1,0,1,2,1,1,0,1,1,1,0,0,0,1,1,1,0,1,0,2,1,1,1,0,0,0,2,0,0,0,0,2,1,1,0,1,2,1,2,0,1,0,2,2,0,0,0,1,0,0,2,0,0,0,0,0,1,0,0,2,2,2,1,1,1,0,1,1,0,2,0,1,0,0,0,1,1,0,0,0,1,0,2,0,1,1,1,0,0,0,1,1,0,2,2,0,1,0,1,1,1,0,0,1,0,0,2,0,2,0,2,0,0,1,0,0,1,0,1,1,1,0,1,1,1,2,1,0,0,1,1,1,0,2,0,1,0,1,0,0,0,1,2,0,1,0,1,1,0,1,0,0,0,0,1,0,0,0,1,0,1,0,0,0,2,0,2,1,0,0,2,0,0,1,0,1,1,1,0,0,1,2,1,1,0,0,0,0,1,1,2,1,0,1,0,0,2,0,0,1,0,0,1,1,0,2,0,0,0,1,1,2,2,2,1,0,2,0,0,0,0,1,0,1,2,1,0,1,2,1,1,1,0,1
221,1,2,1,1,1,0,0,1,1,1,0,0,1,0,1,1,2,1,0,2,1,0,1,0,1,0,1,1,0,0,1,2,0,2,1,1,1,0,1,1,2,0,2,0,0,0,0,0,1,0,0,1,0,1,1,0,0,2,2,1,1,1,0,0,0,1,0,0,0,1,1,1,1,0,0,1,0,1,0,0,1,1,1,0,0,0,0,0,1,1,0,1,1,2,1,1,1,0,1,0,0,0,1,0,1,0,0,0,1,0,0,1,1,1,0,0,0,1,1,1,0,0,0,1,0,0,2,2,0,2,1,0,1,1,0,1,1,0,0,1,0,0,0,0,2,1,0,0,1,0,2,0,1,0,0,0,0,1,1,0,0,0,0,0,0,1,0,0,1,0,1,1,0,2,0,0,1,0,1,0,0,1,0,0,0,1,0,0,0,0,2,0,0,0,1,1,1,2,2,1,1,1,0,0,1,0,1,0,0,0,1,0,0,1,0,1,1,1,1,0,0,0,0,0,1,0,0,1,0,0,0,0,1,0,0,1,1,2,0,0,0,1,1,1,0,0,1,1,0,0,1,1,2,0,2,0,0,1,0,0,0,1,0,0,2,1,0,1,0,1,1,0,0,1,1,1,0,0,1,1,0,0,2,0,1,0,0,0,0,1,0,0,0,0,0,1,0,0,0,0,0,0,0,0,1,0,0,2,2,0,0,0,1,0,2,1,0,0,1,1,1,0,1,2,0,0,0,0,0,1,2,0,1,0,1,1,0,1,1,0,0,0,0,2,0,0,0,1,0,0,0
223,1,0,0,2,0,1,0,0,1,0,0,1,2,0,1,0,1,0,2,0,0,0,1,1,1,0,2,0,1,1,0,0,1,1,1,1,0,0,1,0,1,1,2,2,0,1,1,0,2,0,0,1,1,0,1,0,1,2,0,0,1,1,1,0,0,0,0,1,0,1,1,1,1,0,0,0,1,1,0,2,0,2,1,1,0,2,0,0,0,0,0,1,1,0,0,0,2,1,1,0,1,0,1,1,0,0,1,1,0,0,1,0,2,1,0,0,0,1,0,2,2,0,0,0,0,1,1,0,0,0,0,0,1,1,1,0,0,0,0,1,1,0,0,1,0,0,0,1,1,1,2,2,0,1,0,1,0,1,1,1,1,0,0,0,1,0,2,1,0,2,1,1,0,1,1,0,1,0,0,2,2,0,2,0,2,1,1,1,2,1,0,0,1,0,0,1,1,2,1,0,0,0,0,0,1,0,1,2,1,0,1,1,0,1,1,0,0,1,1,0,0,2,0,0,0,2,0,2,1,0,2,1,1,0,0,1,1,1,0,0,0,1,1,0,0,0,0,0,1,0,1,2,1,0,0,0,0,2,0,0,0,0,0,0,0,1,1,1,0,0,0,0,0,1,1,1,1,0,1,1,0,1,1,1,0,0,0,1,0,0,0,0,0,0,1,0,0,0,1,0,2,0,1,2,1,1,0,1,0,0,1,0,2,1,0,0,1,0,1,1,1,0,1,1,0,0,1,1,0,1,1,0,1,1,1,0,0,1,1,0,1,1,0,1,0,0,1,1,1,1,0
225,1,2,1,0,0,1,0,0,0,0,0,0,2,0,0,1,1,1,2,0,0,0,1,0,0,0,0,1,1,0,0,1,0,0,2,1,1,0,1,1,1,0,1,1,0,0,0,0,0,0,0,0,0,0,2,0,0,0,2,0,1,0,0,0,0,0,0,0,0,1,0,0,0,0,0,0,1,0,0,1,2,0,0,0,1,1,0,0,0,0,0,1,1,1,0,0,0,0,1,0,0,1,0,0,0,1,2,0,0,0,0,0,1,2,0,0,1,1,2,2,1,2,0,0,0,1,2,1,0,0,1,0,0,1,0,0,1,1,1,1,0,0,0,1,1,0,0,0,0,2,1,2,0,1,0,1,0,0,1,0,0,0,0,1,1,2,0,0,0,1,0,0,0,2,1,1,0,0,1,0,0,1,1,0,1,1,0,1,1,1,1,0,0,0,1,1,1,1,1,2,0,1,0,0,1,0,1,0,0,0,0,1,0,0,1,1,0,0,1,0,1,1,1,1,1,0,0,1,0,0,1,1,1,0,0,1,1,1,1,0,0,1,0,0,0,0,0,0,0,0,2,1,0,2,0,0,0,1,0,0,2,0,2,1,0,1,2,2,0,1,0,0,0,0,1,1,1,1,0,1,0,0,1,0,0,0,0,0,0,1,0,1,0,0,2,0,2,0,0,0,2,0,0,0,1,0,0,0,2,0,1,2,0,1,0,1,0,0,0,1,0,0,0,0,0,1,0,0,1,1,0,0,0,1,0,2,1,1,1,0,0,0,0,1,0,2,0,1,0,0,0
226,1,0,0,1,1,1,0,0,0,1,1,1,1,1,0,1,0,0,0,2,1,0,0,2,1,0,2,0,2,0,1,1,2,2,0,1,1,0,1,0,1,0,0,1,1,2,2,0,1,0,0,1,1,1,2,0,2,1,2,2,0,1,1,0,1,2,1,0,0,1,1,0,2,1,0,0,0,1,0,1,0,2,0,2,1,2,1,2,0,0,1,0,0,1,0,1,1,1,1,0,1,0,0,0,1,1,1,0,1,1,1,0,1,2,0,0,0,0,1,1,1,0,0,0,2,1,0,1,0,1,0,1,0,0,1,1,0,0,0,1,1,0,0,1,1,0,1,1,0,1,0,0,1,2,0,1,1,1,1,1,0,0,0,0,0,1,0,2,2,0,1,1,0,1,1,0,2,0,1,1,2,0,0,1,2,1,1,0,2,0,2,0,0,0,0,1,1,0,2,1,0,0,1,0,0,0,0,1,2,0,0,1,0,1,1,0,0,1,2,0,2,1,0,0,0,2,1,1,0,0,1,2,0,0,0,0,1,0,0,0,0,1,2,1,2,0,1,0,0,0,1,0,2,0,0,0,1,0,0,1,0,1,1,0,2,0,0,0,0,0,2,0,1,1,0,2,1,2,2,0,1,1,1,2,2,0,1,2,0,0,0,1,0,0,0,2,0,0,1,0,1,1,1,0,0,1,0,0,0,2,1,1,1,1,0,1,1,0,2,1,0,1,1,1,2,0,2,0,2,1,2,0,0,1,0,0,0,1,1,0,1,1,0,0,0,2,0,1,0,0,0
227,0,2,0,1,1,1,0,0,0,1,0,1,1,0,1,0,1,1,1,2,2,0,0,0,0,1,1,1,1,0,1,1,0,0,1,1,1,0,1,1,1,1,0,1,0,0,0,0,0,0,0,1,1,0,0,1,1,0,0,1,0,1,0,0,1,0,2,2,0,1,1,1,0,0,1,0,1,0,0,2,0,0,2,0,1,1,0,1,0,0,0,1,1,0,0,0,0,1,1,1,0,0,1,1,1,0,2,0,0,1,0,2,2,0,0,0,0,0,1,2,2,0,1,0,1,0,2,1,0,2,1,0,2,1,0,2,0,1,0,1,1,0,2,0,0,2,0,0,0,0,2,0,0,0,1,1,0,0,1,0,1,0,0,0,0,0,0,0,0,2,1,0,2,1,0,0,2,0,1,1,0,1,1,0,1,0,0,0,2,0,2,0,0,2,0,0,1,1,0,0,2,1,0,1,1,0,1,0,1,0,1,1,0,1,1,0,1,1,1,1,0,2,0,0,1,0,0,2,0,2,2,2,0,1,0,2,0,0,0,0,1,0,0,2,1,0,0,0,1,1,2,1,0,0,2,1,0,0,0,1,0,2,1,1,1,1,1,0,2,1,0,1,0,0,0,2,2,0,0,0,0,0,0,1,1,0,0,0,0,0,0,1,0,0,1,0,0,0,0,1,1,0,0,1,0,0,2,1,1,0,1,0,0,0,0,1,0,1,0,1,1,0,1,1,0,0,0,0,1,0,1,1,2,1,0,1,0,0,1,1,0,1,0,1,1,2,1,1,0,0,0
229,1,0,1,0,1,2,2,0,0,0,0,1,1,0,1,2,1,1,1,0,0,0,1,0,1,1,0,1,1,0,1,1,0,2,2,2,0,1,0,0,2,0,1,1,0,2,1,0,0,0,0,0,0,1,0,0,0,0,1,0,0,1,0,0,1,1,1,0,0,1,1,2,0,0,2,1,0,1,1,2,0,0,1,0,1,1,0,2,1,0,0,0,1,1,0,0,1,2,1,0,0,0,1,0,0,0,1,0,0,1,1,1,0,1,0,0,1,1,0,1,1,0,0,1,0,1,1,2,0,2,0,0,1,1,1,0,1,1,0,0,2,0,1,1,1,0,1,0,0,0,1,1,0,0,1,1,0,1,0,0,0,0,0,0,0,2,0,1,0,1,1,0,1,1,2,1,1,1,0,1,0,1,0,0,2,1,0,1,0,0,0,0,0,0,1,1,0,1,2,1,0,2,2,0,0,0,2,0,0,0,0,1,0,1,1,0,1,0,0,2,1,2,0,0,1,0,0,1,1,1,2,0,1,0,0,0,0,2,0,0,0,0,1,0,0,0,0,0,0,2,1,1,1,0,0,0,0,0,0,1,0,2,1,0,1,1,0,2,1,1,0,1,0,1,2,0,2,1,0,0,0,1,0,1,0,0,0,0,0,0,0,0,1,0,0,1,1,0,1,1,1,0,1,1,1,1,0,0,1,0,0,1,0,0,1,2,1,0,2,1,0,0,0,1,0,1,0,0,1,1,1,0,2,1,0,2,0,1,1,2,0,0,0,2,0,2,0,1,0,0,0
234,1,1,2,0,0,1,0,0,0,1,2,0,1,0,0,1,0,0,1,0,0,0,0,1,1,0,1,0,0,0,1,2,1,1,1,2,1,2,1,0,1,1,1,0,0,2,1,0,1,0,1,1,0,0,1,0,0,1,1,0,0,0,0,1,1,0,0,1,0,2,0,0,0,0,0,0,1,0,0,0,1,2,0,1,0,1,0,1,0,0,1,1,0,2,0,1,0,1,2,0,0,0,2,0,1,0,1,0,1,0,1,1,0,2,0,0,1,0,1,0,1,0,1,0,1,0,0,1,1,0,0,0,0,1,1,0,2,1,0,2,0,1,0,1,2,1,0,0,1,0,1,0,0,1,2,0,1,0,1,2,2,0,0,0,0,1,0,0,0,0,0,1,1,1,0,0,0,0,1,0,1,0,0,1,1,0,2,2,1,1,1,0,0,0,0,1,0,0,0,1,1,0,0,2,0,1,2,0,1,1,0,0,1,0,0,1,0,1,1,1,0,1,0,0,0,0,0,0,1,2,1,0,1,0,0,1,1,1,1,0,0,1,1,1,0,0,0,0,1,1,1,0,1,1,0,1,1,1,0,1,0,1,0,0,1,0,1,1,0,0,0,1,0,1,0,1,1,0,2,1,0,1,0,1,2,0,0,1,0,0,0,1,1,0,2,0,0,0,1,1,1,0,1,1,0,0,0,1,1,0,0,1,1,0,0,1,0,0,0,0,0,1,1,1,1,1,1,1,1,0,2,1,1,2,0,0,0,1,1,1,0,0,0,1,1,1,1,2,0,0,1
235,1,1,0,1,1,0,0,0,1,0,1,1,1,1,0,1,0,1,0,0,0,0,0,2,1,0,1,1,1,0,1,0,1,1,1,1,0,0,0,0,1,1,0,0,0,2,1,0,1,0,0,1,0,0,1,0,1,1,0,0,0,0,0,0,1,2,1,0,0,0,0,0,1,0,0,1,0,1,0,2,1,0,1,2,0,0,0,2,0,0,1,0,1,0,0,0,1,1,1,0,0,0,0,0,0,0,2,0,0,0,1,0,0,1,0,0,0,2,0,1,1,0,0,1,0,0,1,1,1,0,0,0,0,1,2,0,0,0,1,1,2,0,0,1,0,1,1,0,0,2,1,1,0,0,2,1,0,1,0,0,0,0,0,0,0,1,1,1,1,2,0,0,1,1,0,1,1,1,1,0,0,0,1,0,1,0,0,2,1,1,0,0,0,1,1,1,1,0,1,0,1,2,0,0,1,0,0,0,1,2,1,0,1,1,1,0,1,2,1,2,0,0,0,2,0,0,0,0,1,1,1,1,2,0,1,0,0,1,0,0,1,0,1,2,0,0,0,0,1,2,2,0,0,0,0,1,0,0,0,1,1,1,2,1,1,2,0,0,1,1,1,0,0,1,0,0,0,0,0,1,0,1,0,0,0,0,0,1,0,0,1,1,0,2,1,2,0,0,1,0,0,1,0,0,1,0,0,0,0,0,1,0,1,0,0,1,1,0,0,0,2,0,1,1,0,0,1,0,2,0,0,0,0,1,1,2,0,1,1,2,0,1,1,1,0,1,1,0,0,0,0
242,0,1,1,0,1,1,0,1,0,1,0,2,1,0,0,0,1,0,0,1,0,0,0,0,1,0,0,0,1,0,0,1,0,0,0,2,1,1,2,0,0,1,1,0,0,1,0,0,0,0,1,0,1,0,1,0,0,0,1,0,0,0,0,0,2,1,0,1,0,2,1,0,1,0,1,0,0,1,0,1,1,0,0,0,1,0,0,2,0,0,0,0,1,1,0,1,1,1,1,0,0,0,1,0,0,0,1,0,1,0,1,1,0,1,0,0,1,1,2,1,1,0,0,0,0,0,1,2,1,1,0,0,1,0,0,1,1,1,1,0,1,1,1,1,1,0,0,0,0,1,1,0,0,1,1,0,1,1,0,1,1,0,1,0,1,1,0,0,0,1,0,1,0,0,0,1,2,0,0,2,0,1,1,0,0,1,0,0,0,0,1,0,0,1,0,1,0,0,1,1,0,2,0,0,0,0,2,1,2,0,2,0,1,1,1,1,0,2,1,1,0,1,0,1,0,1,0,1,1,0,1,1,1,1,0,0,1,1,0,0,0,2,0,1,0,0,0,0,2,1,2,0,1,0,1,1,2,0,1,0,1,0,1,2,1,1,0,1,0,0,0,0,0,1,0,0,1,0,1,0,0,1,1,0,1,0,1,0,0,0,0,1,0,0,2,1,1,0,1,1,0,0,0,1,0,0,0,1,0,0,1,1,0,0,1,1,1,1,1,2,1,1,1,0,0,1,0,1,1,0,0,0,1,1,0,0,1,0,0,1,0,1,0,2,0,0,1,2,0,0,0
245,0,0,0,0,0,1,0,0,0,1,0,2,1,1,2,1,1,1,0,0,1,0,0,0,0,0,0,1,0,0,0,0,1,2,1,1,1,0,0,0,0,2,1,0,0,2,1,0,1,0,0,1,1,0,1,1,1,1,0,0,1,0,0,0,0,1,0,1,1,0,1,1,0,0,1,0,0,2,0,2,1,0,0,2,1,0,0,2,0,0,0,0,1,2,0,2,2,0,2,0,0,0,1,0,0,0,2,0,1,0,0,0,1,1,0,0,1,2,2,0,0,0,0,0,1,0,1,1,0,2,0,0,1,0,1,1,0,1,0,0,1,1,1,0,2,2,1,0,0,0,2,1,0,1,0,0,1,1,0,1,1,0,0,0,0,0,0,2,0,1,0,1,2,0,1,1,1,0,2,0,1,1,0,0,1,1,0,0,1,0,1,0,1,0,0,2,0,1,0,1,2,2,0,0,2,0,1,0,0,1,0,0,0,1,0,0,1,2,1,1,0,0,0,1,0,1,0,0,0,0,0,2,2,0,0,0,0,0,0,1,0,0,2,0,0,1,0,1,2,1,1,2,1,0,0,0,0,1,0,1,0,1,0,1,0,2,1,2,2,1,0,0,0,0,2,0,0,0,0,1,0,0,1,0,0,1,0,1,0,0,0,0,1,0,1,1,0,0,0,0,1,0,0,0,0,1,0,1,2,0,0,0,1,1,1,1,0,1,0,1,2,0,1,1,1,0,1,0,1,1,0,0,1,0,1,2,1,0,2,1,0,1,0,1,1,1,0,0,1,0,0
255,1,0,0,0,1,2,1,0,1,1,0,1,1,1,0,1,2,1,2,1,1,0,0,1,1,2,2,1,1,0,1,1,1,1,0,0,1,1,1,0,0,0,0,0,0,0,0,0,1,0,0,0,1,0,2,1,1,1,2,0,0,1,0,0,0,1,0,0,0,0,1,1,0,1,0,1,0,1,0,1,1,1,1,0,1,1,1,1,0,0,0,0,1,1,0,1,2,0,2,0,0,0,2,0,1,0,1,0,0,0,2,0,1,2,0,0,1,2,1,1,1,0,1,1,1,0,1,1,0,0,1,1,2,1,1,1,0,1,0,0,1,0,1,2,1,2,1,0,1,0,1,1,0,2,1,2,0,1,1,1,1,0,1,0,0,2,0,0,1,1,1,1,2,1,1,2,1,0,2,0,1,1,1,1,0,1,0,1,1,1,1,0,2,0,0,1,0,2,1,1,2,1,1,0,0,0,1,1,2,2,1,1,0,2,0,0,1,2,1,0,0,0,0,1,0,0,1,1,0,1,0,0,2,1,0,0,1,2,0,0,0,1,1,0,0,0,0,1,0,0,0,1,0,0,0,1,0,1,0,0,0,2,0,1,1,1,1,1,0,1,1,1,0,1,1,1,0,0,1,1,0,2,0,0,0,0,0,1,0,1,0,0,2,2,2,1,1,0,2,1,0,1,0,1,0,1,0,1,0,0,0,1,1,0,0,1,1,0,0,0,2,1,0,1,0,1,1,1,1,0,1,1,2,1,0,0,2,1,1,0,0,1,0,1,1,0,1,0,2,0,0
264,1,1,1,0,0,2,0,1,1,1,0,1,1,0,1,2,1,0,0,0,0,0,0,0,1,0,1,0,0,0,1,0,2,2,1,1,2,0,0,0,1,0,0,1,0,1,1,0,1,0,0,1,0,0,2,1,0,1,1,0,0,0,0,1,1,1,0,0,0,1,1,0,1,0,2,1,0,1,0,0,2,0,1,1,0,0,0,1,0,0,0,1,0,0,0,1,1,1,1,0,0,1,2,0,1,0,0,0,1,0,0,0,2,1,0,0,2,2,1,1,1,0,1,1,0,0,0,0,0,1,1,0,0,0,0,0,1,1,1,0,1,0,0,1,0,1,1,0,2,0,1,1,0,0,0,1,1,2,1,1,1,0,2,0,0,1,1,0,2,1,0,1,1,1,1,1,1,0,0,1,0,1,0,0,0,0,0,1,1,1,0,0,1,0,0,1,0,2,0,2,1,0,0,0,1,0,0,1,0,1,0,1,1,1,1,0,0,0,1,2,0,1,0,1,0,0,0,1,0,1,1,0,0,1,0,1,0,1,0,0,1,0,2,0,0,0,0,0,0,2,0,1,0,1,0,1,0,0,1,1,1,0,1,2,0,1,0,1,0,0,2,0,0,1,2,2,1,0,1,1,0,0,1,0,1,0,0,2,0,0,0,0,1,0,1,1,1,1,0,0,0,0,1,0,1,1,0,0,1,0,0,0,1,0,0,2,0,0,1,1,2,0,1,0,0,0,2,0,0,1,1,1,1,0,0,1,1,1,1,2,0,1,0,2,0,0,2,1,1,1,0
268,0,1,0,2,1,1,0,1,1,0,0,1,0,0,1,2,0,1,0,0,1,0,0,1,2,1,1,1,1,0,1,0,0,1,0,0,1,1,1,0,2,0,0,0,1,2,0,0,2,0,1,1,2,0,2,0,1,2,1,2,0,1,0,1,2,1,0,0,0,2,1,0,0,1,1,0,1,1,0,1,0,2,0,0,1,1,2,0,0,0,1,0,1,1,0,0,1,1,2,0,0,0,0,1,0,1,0,0,1,0,1,0,0,0,0,0,2,0,0,0,2,0,2,0,1,0,1,0,0,1,0,1,2,1,1,0,1,0,1,0,0,0,1,1,1,1,0,0,0,1,0,0,0,1,0,0,0,2,1,1,0,0,0,0,0,0,1,0,0,0,0,1,1,0,0,1,2,0,1,2,1,0,2,1,0,0,0,0,2,0,0,0,1,0,0,0,0,1,1,0,1,1,0,2,0,0,0,1,0,1,1,0,0,1,2,0,0,0,0,0,0,0,0,2,0,1,0,0,2,2,0,1,1,1,1,0,2,2,0,0,1,1,1,0,2,1,0,0,1,0,0,1,1,0,0,1,0,1,0,1,1,1,0,2,1,0,2,0,0,1,0,0,0,1,0,1,0,0,-1,1,0,1,0,1,1,0,0,1,0,0,0,0,1,0,1,1,0,1,1,1,2,1,0,0,0,0,1,2,2,1,1,0,2,0,1,0,0,0,0,0,0,0,1,1,0,1,0,1,1,2,1,2,1,1,0,1,1,0,2,0,0,2,0,0,1,0,1,2,1,1,0
269,0,0,1,1,2,0,0,0,0,0,0,1,0,0,1,2,0,1,1,0,0,0,0,1,1,1,2,1,2,0,1,0,0,2,1,0,2,1,1,0,0,1,1,0,0,0,1,0,1,0,0,0,1,0,2,0,1,2,0,1,1,0,0,0,1,0,1,1,0,1,1,0,1,0,0,0,0,0,0,0,1,2,1,2,2,2,2,2,0,2,0,1,1,1,0,0,1,1,2,0,0,1,1,2,0,2,0,0,2,0,1,1,1,1,0,0,0,0,1,2,2,2,1,0,2,0,0,0,1,0,1,0,1,0,1,0,2,0,0,1,2,0,0,1,1,1,0,1,2,1,1,0,0,2,1,1,0,1,2,0,1,0,0,0,0,1,0,2,0,0,0,0,1,1,1,0,0,1,2,2,1,0,0,0,0,0,1,0,0,1,0,0,1,0,1,1,0,2,2,1,1,0,0,0,0,0,0,1,0,1,2,0,0,2,2,1,1,2,1,0,1,1,0,1,0,2,1,1,0,0,2,2,0,0,1,1,1,1,0,1,1,1,1,0,1,0,1,0,1,0,1,1,1,0,1,0,0,0,0,1,0,1,0,2,2,0,1,0,0,1,0,0,0,0,1,1,0,1,2,0,0,1,0,1,0,0,2,1,1,0,0,0,1,0,1,0,0,0,1,0,1,0,2,0,0,1,1,1,2,0,1,1,1,0,0,1,1,0,1,2,0,1,1,1,0,1,0,0,1,1,2,1,1,2,1,0,2,0,1,0,0,1,0,0,1,2,2,1,1,0,0
272,1,1,1,0,0,1,1,0,1,0,2,2,1,0,1,0,0,1,0,0,0,0,0,0,1,1,1,1,0,0,1,0,0,1,0,1,1,0,1,0,1,0,0,1,1,2,0,0,0,0,1,1,1,0,1,1,0,0,0,0,0,1,0,0,0,0,0,0,0,1,0,1,1,0,1,0,1,1,1,1,1,1,1,2,1,1,0,1,1,0,1,0,0,2,1,1,0,1,2,0,0,1,1,1,0,0,1,0,1,0,0,0,0,0,0,0,0,1,1,1,0,0,1,0,1,0,1,0,0,1,0,0,1,2,1,0,1,1,2,2,0,0,1,1,2,0,1,0,1,1,1,1,0,0,0,0,1,2,0,2,0,0,1,0,0,0,0,0,0,1,0,0,0,2,2,0,0,0,1,1,1,1,0,0,1,1,0,1,1,1,1,0,0,0,0,1,0,0,1,2,0,2,0,0,1,0,2,1,0,0,0,2,1,1,0,1,0,0,2,1,0,1,0,2,2,2,0,2,1,1,1,2,1,0,1,0,0,1,0,0,0,0,0,0,0,0,0,1,0,1,0,1,1,1,0,0,1,1,0,1,0,1,0,1,2,1,1,1,0,1,0,0,0,1,0,1,1,0,1,1,0,0,0,1,1,0,0,1,0,0,0,1,2,2,1,0,0,0,0,0,0,0,2,1,1,0,0,0,2,1,0,0,0,1,1,2,2,0,0,1,0,0,1,0,0,1,0,0,1,1,1,1,0,1,0,2,0,1,1,1,0,2,0,1,0,1,2,1,0,0,0
281,1,0,1,0,2,2,0,0,1,0,0,1,0,0,1,1,2,0,1,1,0,1,0,0,0,0,1,0,0,0,1,1,0,1,1,0,0,0,2,0,2,0,0,1,0,0,0,0,1,0,0,1,1,0,1,0,1,1,1,0,1,1,1,0,1,0,0,0,0,1,1,1,1,0,0,0,0,0,0,1,0,1,0,1,0,0,0,0,1,0,1,0,0,1,0,0,0,1,1,0,1,0,0,0,0,0,1,0,0,0,0,0,0,0,0,0,1,2,2,0,1,0,1,0,0,1,2,1,0,0,0,1,0,1,0,0,1,1,1,0,0,0,0,1,1,0,0,0,0,1,0,1,0,1,1,1,1,1,1,0,0,0,0,1,0,2,0,2,2,0,0,0,0,1,0,0,2,0,0,1,0,0,1,0,2,0,1,0,1,2,2,0,0,1,0,0,1,0,1,1,0,2,1,0,1,0,0,1,0,1,0,0,0,1,0,0,0,1,1,1,1,2,0,1,1,0,0,2,1,0,2,1,0,0,0,0,2,0,0,1,0,2,0,2,0,0,0,0,0,1,2,0,1,1,1,0,2,0,0,0,1,1,1,1,0,1,0,0,0,0,1,0,1,1,1,0,2,1,0,1,0,0,1,1,1,0,0,0,1,2,0,0,0,0,0,0,0,1,0,0,0,1,0,1,1,0,0,0,1,0,1,2,0,1,1,1,0,0,0,1,0,0,1,1,1,0,0,0,2,1,1,1,0,1,1,2,0,1,1,1,1,2,0,0,0,2,1,1,0,0,0
286,0,0,1,0,0,2,0,0,2,1,0,2,0,0,0,1,1,0,1,0,1,0,1,1,1,1,1,0,0,0,2,1,2,2,1,1,0,1,1,0,1,1,1,1,0,0,0,0,0,0,0,0,1,0,0,0,0,0,0,0,1,2,0,0,0,1,0,1,0,0,1,0,0,1,1,0,1,1,1,1,1,1,0,0,2,1,0,1,0,0,0,0,1,1,0,0,2,1,0,0,0,0,2,0,0,0,2,0,0,0,1,0,1,0,0,0,0,2,0,1,0,1,1,0,1,0,1,0,2,0,0,0,1,2,0,1,1,1,2,2,0,0,1,1,1,1,1,1,1,1,1,2,0,1,0,1,0,1,0,0,1,0,1,0,0,0,0,0,0,0,0,2,1,1,2,1,0,1,0,0,1,0,1,0,0,1,1,1,0,0,0,0,0,1,0,1,1,2,1,2,1,0,0,1,1,0,1,0,0,0,1,0,0,0,0,0,0,1,1,1,0,1,0,1,1,1,0,0,1,0,1,2,1,1,0,0,1,1,0,1,0,1,0,0,0,0,0,1,1,2,1,1,1,0,0,0,0,1,1,0,0,2,1,1,1,1,1,0,0,0,0,1,1,2,1,1,1,0,2,1,1,1,0,0,1,0,0,1,0,0,0,0,1,2,0,1,0,0,1,1,1,0,0,0,0,1,0,1,1,0,0,0,0,0,0,1,0,1,0,0,0,0,1,1,0,0,2,1,0,0,0,1,0,1,1,0,2,0,1,1,0,0,0,0,0,1,0,0,0,0,0
291,1,1,1,0,1,0,1,0,0,0,0,2,2,0,0,1,0,2,1,2,0,0,0,0,1,2,1,2,0,0,0,1,0,0,2,0,1,2,0,0,1,1,0,1,0,1,1,0,0,0,1,2,0,1,1,1,1,0,1,0,0,0,0,0,1,1,0,0,0,0,1,0,0,1,0,0,1,1,0,2,0,2,2,2,1,1,1,1,2,0,1,1,0,0,0,0,0,1,1,0,0,1,0,0,0,1,1,0,0,0,0,0,1,0,0,0,0,1,1,1,0,1,0,0,0,0,1,1,0,1,0,0,0,0,1,0,1,0,0,0,1,0,2,1,0,1,0,0,2,0,0,1,0,1,1,1,0,1,1,1,1,0,0,0,0,0,0,1,0,1,1,0,1,1,2,1,1,1,1,1,0,0,1,0,2,0,0,2,2,1,2,0,0,0,0,2,0,0,0,1,1,2,0,0,1,0,1,1,0,1,2,0,0,1,0,2,1,0,2,2,0,1,0,0,2,0,0,2,1,0,1,1,0,0,0,1,0,2,0,1,0,0,0,1,0,0,0,0,1,2,1,1,1,0,1,0,0,2,0,0,0,0,0,0,1,0,0,1,0,2,0,0,0,2,1,0,2,0,0,0,0,0,2,1,0,0,0,0,0,0,0,1,1,0,2,1,0,0,0,0,0,0,2,1,1,1,0,1,2,0,2,0,0,2,1,0,1,0,0,1,0,0,1,0,0,1,0,0,1,1,1,0,2,1,0,1,1,1,0,2,0,1,0,0,0,2,0,0,0,0,0
306,0,2,0,0,1,2,1,0,0,2,0,0,0,1,0,1,0,2,2,2,1,0,1,0,2,0,1,2,2,1,0,1,0,2,1,0,1,0,1,1,1,1,0,0,0,0,0,1,0,0,0,0,0,0,1,0,2,0,1,1,1,2,0,0,0,2,0,1,0,2,0,0,0,0,2,2,2,1,0,1,0,0,1,2,1,1,0,2,1,0,0,0,2,1,1,0,0,2,2,0,0,0,0,1,1,1,0,0,0,0,1,1,1,1,0,0,0,0,1,0,1,0,0,2,0,2,1,1,1,1,0,0,1,0,0,1,0,1,1,1,1,0,2,0,2,0,1,0,0,0,2,1,0,1,0,1,0,1,1,2,0,0,0,0,0,2,0,1,1,1,0,0,0,1,2,0,2,0,0,1,1,1,1,0,1,1,0,0,0,0,2,0,0,0,1,1,1,0,1,1,0,0,0,0,0,0,1,0,1,0,0,1,0,1,0,0,1,1,0,0,0,0,0,0,1,1,1,1,1,0,0,0,0,0,0,0,0,1,0,0,0,1,1,0,1,1,0,0,1,0,0,0,1,0,0,0,0,1,0,0,1,1,1,1,1,2,1,2,0,2,1,1,0,1,0,2,0,0,0,0,0,1,0,1,1,1,0,2,0,0,0,0,1,1,1,2,0,1,1,1,1,0,0,0,1,0,0,0,1,0,1,0,0,0,0,0,0,0,0,0,0,0,1,0,0,1,0,1,0,1,2,0,1,1,1,1,1,0,1,0,0,1,0,2,0,1,0,2,0,0,0
311,1,0,1,0,1,0,0,0,1,0,0,0,1,0,0,1,1,0,0,1,2,0,0,0,2,0,1,0,1,0,0,0,0,2,0,1,2,0,1,0,2,0,1,1,1,0,1,0,0,0,0,2,2,0,0,0,1,0,1,0,0,0,1,0,0,1,1,2,0,0,2,0,1,0,2,1,1,0,0,0,2,0,1,1,1,2,2,1,1,0,1,1,1,1,1,0,1,0,1,0,1,2,1,0,1,0,1,0,1,1,0,0,2,1,0,1,0,2,1,0,2,1,1,1,0,0,0,1,1,1,1,1,2,0,0,1,1,0,0,1,0,0,1,0,1,0,0,0,1,1,1,0,0,0,0,0,0,2,1,1,1,0,0,0,0,1,0,2,0,1,0,0,0,1,0,0,1,1,2,1,0,1,1,1,2,0,0,1,1,1,1,0,0,1,0,0,0,0,2,1,0,1,1,0,0,0,0,0,0,1,2,0,0,1,0,0,1,0,0,1,1,2,0,1,1,2,2,1,1,0,2,1,0,0,0,1,1,1,0,0,0,1,0,2,0,0,0,0,1,1,1,0,1,1,0,1,0,1,0,2,0,1,0,1,1,1,0,0,0,0,0,0,2,1,0,1,2,1,1,1,0,0,0,1,0,0,0,2,0,0,0,1,0,0,0,1,0,0,0,0,1,1,0,0,1,1,0,1,2,0,1,0,0,2,1,1,0,0,0,1,0,0,2,0,0,0,0,1,1,1,1,1,2,2,0,0,1,1,1,1,1,1,0,1,0,0,1,0,0,0,0
314,1,0,0,0,2,0,1,0,1,0,0,0,0,1,1,2,0,0,2,0,2,1,1,2,1,2,1,0,2,1,1,0,0,2,1,0,2,0,1,0,0,1,0,1,0,0,2,2,2,2,0,1,1,1,2,1,2,2,1,0,0,0,0,1,2,1,0,0,0,1,1,0,1,1,0,0,0,1,0,2,0,0,1,2,1,0,1,2,0,1,1,2,1,1,0,0,0,2,2,1,0,1,0,1,0,1,0,0,0,0,2,1,1,2,0,0,0,1,0,1,1,1,0,0,0,1,0,0,0,0,0,1,1,0,0,2,0,0,0,1,0,0,0,2,1,1,1,0,1,1,1,0,0,1,0,1,0,2,1,0,0,0,0,1,1,0,0,2,0,1,1,0,1,0,0,0,1,1,2,1,0,1,0,2,1,0,2,0,2,0,0,0,1,1,0,0,0,2,1,1,1,0,0,0,1,0,0,2,0,1,1,2,0,1,1,0,0,1,2,1,0,2,0,0,0,2,0,1,1,1,2,0,0,1,0,2,1,0,0,0,1,1,1,1,0,0,0,0,1,0,2,1,1,0,0,1,2,1,0,2,2,2,1,2,1,1,2,0,1,0,0,1,0,1,1,2,1,0,1,2,2,2,1,1,2,1,1,2,1,0,0,0,0,1,1,1,0,0,2,1,1,0,1,0,0,0,0,2,2,0,2,0,1,0,0,0,1,1,1,2,0,0,2,2,1,0,0,0,1,2,2,0,0,2,0,1,2,1,2,1,0,2,0,0,0,2,0,1,1,0,1
316,0,1,1,0,1,1,0,1,1,1,0,0,1,0,1,0,2,1,0,2,0,0,2,1,0,0,1,1,1,0,1,1,1,1,0,0,1,0,2,0,2,0,1,1,1,1,1,0,1,0,0,1,1,0,2,0,1,1,0,1,2,2,1,1,0,0,1,0,0,1,0,0,0,0,0,0,1,0,1,0,1,0,1,0,1,2,1,0,1,1,0,0,2,2,1,0,0,0,0,0,1,0,0,1,0,0,0,1,0,0,0,1,0,2,0,0,1,0,1,0,1,0,0,0,1,1,1,2,1,0,0,0,0,0,2,0,1,0,0,2,1,0,1,1,2,1,0,0,0,1,0,1,1,1,1,1,0,2,0,1,1,0,1,0,0,1,2,1,1,1,0,1,1,1,1,0,2,0,1,1,0,0,0,0,1,0,1,1,0,0,2,0,1,1,0,1,1,2,2,0,1,0,0,0,0,0,1,2,1,0,2,0,0,1,0,0,0,1,0,1,0,1,0,1,1,0,0,2,1,0,1,1,1,0,0,0,2,0,0,0,0,2,0,0,1,0,1,1,0,1,0,0,1,0,0,0,0,0,0,0,0,1,0,2,0,1,0,0,0,1,1,1,0,0,0,1,1,0,1,1,0,0,0,0,1,0,1,1,0,0,1,0,1,2,1,0,1,0,0,1,2,0,1,1,0,1,1,2,0,0,1,1,1,2,1,2,0,2,1,1,0,1,1,0,0,0,0,2,2,1,1,0,1,1,2,0,0,0,1,1,1,1,1,1,0,1,0,1,1,1,0
324,1,1,1,0,2,0,0,0,1,0,1,1,1,0,2,2,1,0,0,1,1,0,0,1,0,0,0,0,0,0,0,0,0,1,1,0,1,1,1,0,0,1,1,0,0,1,2,0,0,0,0,2,1,1,1,1,0,1,0,0,0,1,0,0,0,1,1,1,0,1,0,0,2,1,0,0,0,0,1,0,1,2,1,1,1,0,1,0,0,2,1,1,0,2,0,0,1,1,1,0,0,2,0,0,0,1,1,0,1,0,1,0,1,1,0,0,0,2,2,0,1,0,1,0,2,1,1,0,1,0,0,0,0,2,2,1,1,0,0,0,0,0,1,1,2,1,0,1,1,0,1,0,0,0,0,0,1,2,2,0,2,0,0,0,0,0,0,0,0,0,0,0,1,1,1,1,2,0,1,1,1,0,1,1,1,1,1,1,2,1,2,0,0,1,1,0,1,1,0,1,1,1,0,1,0,0,0,0,0,2,1,2,1,1,0,0,1,0,1,1,0,1,1,0,1,1,0,1,0,1,2,1,0,2,0,1,1,0,1,0,0,1,2,1,0,0,0,0,2,1,2,1,1,0,0,0,1,1,0,1,0,0,1,2,1,0,0,1,1,0,0,1,0,0,1,1,2,0,2,0,0,1,1,1,0,0,0,1,0,0,0,1,0,1,1,1,0,0,1,2,2,0,1,1,0,0,0,0,2,0,0,0,0,1,1,0,1,0,0,1,0,1,0,0,0,0,0,0,2,1,1,1,1,1,0,0,1,1,1,1,0,0,0,1,0,0,0,1,1,0,0
326,0,1,2,0,1,0,1,1,0,1,0,1,0,0,0,1,1,2,2,0,0,0,0,1,0,0,1,2,0,1,0,2,1,2,1,1,2,0,2,0,2,0,0,1,0,0,2,0,0,0,0,1,2,1,1,1,1,0,1,1,0,1,0,0,1,2,1,0,0,1,1,0,2,0,2,0,1,1,0,1,1,0,1,1,2,1,1,1,0,0,1,0,1,1,0,0,2,1,1,1,0,0,1,0,1,1,0,0,0,1,0,0,1,1,0,0,1,2,0,0,0,1,0,0,0,1,0,1,0,1,0,0,2,1,0,0,2,0,0,2,1,0,0,1,1,1,0,0,1,1,0,0,0,0,2,1,0,1,0,1,0,0,0,0,1,0,0,0,0,0,0,1,1,1,0,0,0,0,1,1,1,1,1,0,0,0,1,0,2,1,0,0,0,0,0,2,0,1,1,0,1,0,0,1,0,0,0,1,0,2,0,0,0,2,1,1,0,0,0,2,0,1,0,1,1,2,0,0,2,1,1,0,0,1,0,0,2,0,0,0,0,2,2,1,1,0,0,1,0,2,0,0,1,0,0,2,1,1,0,2,0,1,0,1,1,0,1,1,0,2,0,0,0,0,1,2,1,0,2,0,0,0,1,0,1,0,0,1,0,0,0,1,1,1,1,2,1,0,0,0,0,0,1,1,0,0,1,1,2,0,2,0,0,1,0,1,0,0,0,0,0,0,1,1,1,1,1,0,2,1,0,0,0,1,0,0,1,0,0,2,0,2,0,0,1,1,0,1,0,1,0
334,2,0,0,0,0,1,0,0,0,0,0,1,0,0,0,1,2,0,0,0,0,0,1,0,2,0,0,0,0,0,1,1,0,1,2,2,1,1,0,0,1,1,0,2,0,0,0,0,0,0,0,1,1,0,1,0,0,0,2,0,0,2,0,0,0,0,0,0,0,1,0,0,0,0,0,0,1,2,0,1,1,2,0,0,0,1,0,0,0,0,0,0,1,0,0,0,2,0,0,0,0,1,0,0,0,0,1,0,2,1,0,0,0,1,0,0,1,1,2,2,0,0,0,0,1,0,1,2,0,1,1,0,1,0,1,0,0,0,0,2,2,0,1,0,0,1,0,0,0,0,2,1,0,1,0,1,1,0,1,0,0,0,0,0,0,1,0,1,0,1,0,1,1,0,2,2,1,0,0,0,1,1,1,0,1,0,0,1,1,1,1,0,2,1,1,1,1,1,0,1,1,1,1,0,0,0,1,0,1,0,0,1,1,0,0,1,1,0,1,2,0,1,0,0,1,0,0,2,1,1,1,1,2,0,0,0,0,1,0,0,0,0,0,0,0,0,0,1,1,1,0,2,1,0,0,0,0,2,0,0,0,0,1,1,0,2,0,1,1,0,0,0,0,2,0,1,1,0,1,0,0,0,1,1,0,0,0,0,0,1,0,1,1,1,2,0,1,0,0,0,1,0,0,0,0,1,1,0,0,0,1,1,0,0,0,1,0,0,1,0,0,0,1,0,0,1,0,0,2,2,0,0,1,1,0,1,0,2,0,2,0,1,0,0,0,1,1,1,2,0,0
375,0,0,1,0,1,1,0,2,0,1,0,1,1,1,0,1,0,1,0,0,0,0,1,0,0,0,1,1,1,0,0,1,1,1,2,1,2,0,0,1,1,1,1,0,0,0,1,0,2,0,0,0,1,1,1,0,0,2,0,0,0,1,1,0,1,1,1,0,0,1,0,1,0,1,0,0,1,1,1,0,1,2,0,1,2,1,0,1,1,0,2,0,2,1,1,2,0,0,1,0,1,0,1,0,0,0,2,1,2,0,1,0,2,1,0,0,0,1,0,2,2,1,1,0,0,0,1,2,1,0,1,0,0,1,1,0,1,1,0,0,1,0,1,0,1,1,1,0,1,1,0,1,0,1,0,2,0,2,1,0,1,0,0,0,2,1,0,1,0,2,1,1,1,1,1,0,0,0,2,2,0,0,1,1,0,2,1,1,1,0,0,0,0,1,0,1,0,1,0,1,1,2,0,1,1,0,0,0,0,0,0,2,0,1,0,0,0,2,0,2,1,0,0,1,0,1,0,0,2,0,0,1,1,0,0,0,0,1,1,0,0,0,0,1,0,0,0,1,1,1,2,0,1,0,1,0,1,0,0,1,0,1,1,1,1,0,1,1,0,1,0,0,0,2,0,1,0,1,0,1,0,1,0,0,0,0,0,0,0,1,0,0,1,1,0,1,0,1,1,0,1,0,1,0,0,1,0,1,2,0,1,1,1,0,1,1,1,1,1,1,0,0,0,1,0,1,1,0,1,2,1,1,1,0,0,0,0,0,2,2,1,2,0,1,0,1,1,1,0,0,1
379,1,0,0,0,2,1,0,1,0,0,0,1,0,0,2,1,0,2,2,1,1,0,0,1,2,2,0,2,2,0,1,1,2,1,1,2,1,0,0,1,2,0,1,0,0,1,0,0,0,0,0,1,0,0,1,1,0,0,2,1,1,0,1,0,1,1,1,0,0,0,0,0,0,0,1,1,1,1,1,2,1,0,0,1,2,1,1,1,0,0,0,0,0,2,1,1,1,1,1,0,1,0,0,0,2,1,1,1,0,0,0,0,1,1,0,0,1,2,0,0,0,0,0,1,1,0,1,1,1,1,0,0,1,0,1,1,0,0,0,1,0,0,0,0,2,2,0,0,1,0,0,1,0,2,1,1,1,1,0,0,0,0,1,1,0,2,0,1,0,1,0,0,2,0,1,2,1,0,2,0,2,0,1,0,1,1,1,1,1,0,0,0,1,0,0,1,1,1,0,1,2,1,0,0,1,0,2,0,1,2,1,1,0,1,0,0,0,0,0,0,0,1,1,0,2,1,1,1,1,1,1,0,0,1,0,0,0,0,0,1,0,0,0,1,1,1,1,0,0,0,1,1,0,0,1,1,0,1,1,1,1,0,0,2,0,1,1,0,1,2,0,1,0,1,2,0,0,0,0,0,0,0,0,1,0,0,0,0,0,0,0,0,1,1,2,1,0,0,0,1,1,0,1,0,0,1,1,0,1,0,1,1,0,1,0,1,0,0,0,1,0,1,0,0,0,0,1,0,2,1,2,0,1,1,1,1,1,1,1,0,1,1,0,0,0,1,1,0,1,1,1
382,1,1,0,0,0,1,1,1,2,0,0,2,2,1,1,1,1,2,1,0,2,0,0,1,0,0,1,2,0,0,0,0,1,1,2,1,0,1,0,0,2,0,1,1,0,0,0,1,0,1,0,0,1,0,2,0,0,0,2,1,0,1,0,0,0,1,0,0,0,0,2,1,0,0,1,0,1,1,1,1,2,2,1,0,1,1,0,1,0,1,0,0,0,2,0,1,0,2,0,0,0,0,1,0,0,0,1,0,1,0,0,1,0,2,0,0,0,1,1,1,0,0,0,0,0,1,0,1,0,1,0,0,2,0,1,2,0,0,2,1,0,0,1,0,2,2,0,0,1,0,2,2,0,1,0,0,1,1,0,0,0,0,1,0,0,0,0,0,0,1,0,2,2,1,1,1,0,0,0,0,1,1,1,1,0,0,0,2,0,0,0,0,0,0,1,1,1,1,1,2,2,2,1,1,1,0,1,2,1,1,0,1,0,1,0,1,0,0,0,1,0,1,0,0,0,1,0,1,0,0,1,1,1,0,0,0,0,1,0,0,0,0,0,2,0,0,0,0,0,1,1,1,0,0,1,0,0,0,1,0,2,0,0,1,0,1,1,0,1,2,0,0,0,1,0,0,1,0,0,1,0,0,0,0,0,0,0,0,0,0,0,0,0,1,0,1,0,0,0,0,1,1,0,1,1,1,0,0,1,0,0,0,0,0,0,2,1,0,0,0,1,1,0,0,1,1,1,0,1,2,0,0,0,0,0,1,1,1,1,1,0,1,0,0,0,0,1,1,0,0,0
384,1,2,1,1,2,0,1,0,0,0,0,1,0,0,1,2,0,1,0,0,0,0,0,2,0,0,2,1,2,1,0,0,0,1,2,0,1,0,1,1,1,1,1,0,0,1,1,0,2,0,0,1,0,1,2,0,1,2,1,0,0,0,0,0,2,1,1,1,0,2,0,0,1,1,0,1,0,0,0,2,0,2,2,2,1,0,0,2,0,0,0,0,1,2,0,2,2,1,1,0,0,0,0,1,0,2,1,0,1,0,1,0,0,2,0,0,2,1,1,2,1,2,0,1,0,0,2,1,0,1,1,0,1,0,1,0,1,1,1,2,0,0,0,1,2,1,0,1,1,0,0,0,0,1,1,2,0,1,1,1,1,0,0,0,0,2,0,1,0,0,2,0,1,1,1,1,0,1,2,0,2,1,1,0,1,0,0,1,1,2,0,0,1,0,1,0,0,0,0,2,1,1,0,0,1,0,0,2,2,2,2,1,0,2,0,0,0,2,2,1,0,2,0,1,1,1,0,0,0,0,2,0,1,0,1,1,0,1,0,2,1,1,1,1,0,0,0,0,2,1,0,1,1,0,0,1,1,0,0,1,0,1,1,1,1,1,1,1,1,1,0,1,0,1,1,0,2,0,0,1,0,1,1,1,1,1,1,2,0,0,0,1,0,1,0,1,0,1,1,1,0,0,0,0,0,0,1,2,0,0,1,1,2,0,0,1,2,0,0,0,0,0,0,2,0,1,0,1,2,2,1,0,1,0,0,0,1,1,1,1,0,1,0,1,0,0,1,2,1,0,0
386,0,0,2,0,2,0,0,1,0,0,0,1,1,0,1,1,0,0,2,2,1,0,1,0,0,0,0,0,1,0,0,0,2,1,0,1,2,2,1,0,1,1,1,0,0,2,0,0,1,0,0,1,0,0,2,1,1,1,1,0,1,2,0,0,0,0,0,1,0,0,1,0,1,0,0,0,0,0,1,0,1,1,1,1,0,2,1,0,0,2,0,0,2,1,0,0,1,1,1,0,0,0,1,0,0,1,1,0,0,0,1,0,1,1,0,1,0,0,1,1,1,0,0,0,1,0,0,0,1,0,1,0,1,0,0,2,2,1,1,1,0,0,0,0,1,0,0,0,0,0,0,2,0,1,1,0,0,2,0,0,1,0,0,0,0,1,1,1,0,2,2,0,0,0,1,2,1,1,1,1,2,1,1,0,1,0,2,0,2,0,2,0,0,1,0,0,0,1,0,0,0,1,0,0,1,0,1,0,1,1,0,1,0,0,0,0,2,1,1,1,0,1,0,0,1,1,1,1,0,0,1,0,0,0,0,0,1,2,0,0,0,1,1,2,0,0,0,0,2,1,2,2,1,0,1,1,0,2,0,0,1,0,1,0,1,0,2,1,0,0,0,1,1,1,0,1,0,0,2,2,0,1,0,1,1,0,0,1,0,2,0,0,0,1,1,0,0,0,1,1,1,0,1,1,0,1,0,1,1,1,2,1,1,1,1,0,0,2,1,0,0,0,2,0,1,0,2,1,1,2,0,0,1,1,1,0,1,0,2,1,0,1,0,0,0,1,0,0,0,0,1
392,1,0,0,1,0,2,1,2,1,0,0,1,0,1,2,1,1,1,1,0,1,0,2,1,0,0,2,1,0,0,2,1,0,0,0,1,0,1,1,0,2,0,0,0,1,0,0,0,1,0,0,2,0,0,1,0,0,1,2,1,1,0,0,0,2,1,0,0,0,1,0,1,1,0,0,2,1,1,1,0,0,0,0,1,2,1,0,1,1,0,0,0,1,2,0,1,1,1,1,0,0,2,0,1,0,0,2,0,1,0,0,1,0,0,0,0,0,2,2,1,1,0,0,2,1,0,1,0,1,1,0,1,0,0,1,2,0,0,0,0,2,0,0,0,2,2,1,0,0,1,1,2,0,1,1,1,1,1,1,0,1,0,1,0,0,2,1,1,0,2,0,1,2,2,1,1,0,0,1,0,1,0,0,1,1,2,0,0,0,0,1,0,0,0,1,0,0,1,0,0,2,1,0,0,1,0,1,0,1,0,0,2,0,0,1,0,0,0,0,0,1,1,1,0,1,0,0,0,1,0,1,0,1,0,0,0,1,1,0,1,0,1,0,2,0,0,0,0,0,0,2,1,1,0,0,0,0,2,1,0,0,1,2,0,1,2,1,0,0,1,0,0,1,1,1,2,1,1,1,0,0,0,0,0,0,0,0,0,0,0,0,1,0,0,2,1,0,0,0,1,0,0,0,0,0,0,0,0,1,0,0,0,1,1,0,1,0,0,0,0,1,1,0,0,0,1,0,1,0,1,1,0,0,2,1,2,1,1,1,0,0,0,0,1,1,0,0,1,0,0,1
395,2,1,1,0,1,0,0,0,1,2,0,1,0,1,2,1,2,0,1,2,0,0,0,1,1,1,1,0,0,0,2,1,1,1,2,0,1,1,1,0,0,1,0,0,0,1,0,0,1,0,0,1,2,0,1,0,1,1,2,0,0,0,0,0,0,1,0,0,0,1,1,1,0,0,0,0,1,1,0,0,2,1,2,1,0,2,1,2,0,2,2,0,1,2,0,0,1,1,1,1,0,0,1,0,1,0,0,0,0,0,1,1,1,1,0,0,1,0,1,1,0,1,1,0,0,0,1,1,2,1,0,0,0,1,1,0,1,0,0,1,0,0,1,1,2,1,0,0,0,0,0,1,0,1,0,1,0,1,0,1,0,0,0,0,0,0,0,1,2,1,0,1,1,1,2,0,0,1,1,0,0,0,1,1,0,1,1,0,1,1,1,0,0,1,0,0,0,1,2,0,1,1,1,0,1,1,1,0,1,2,0,1,0,0,2,0,0,0,1,0,0,1,0,0,2,0,0,0,0,0,1,1,1,0,0,0,1,0,0,0,0,1,1,0,0,0,0,1,1,0,0,1,0,0,0,0,0,0,0,0,1,0,1,1,0,1,0,0,0,0,2,0,1,1,0,1,0,0,2,0,0,1,0,1,0,0,0,1,0,0,0,1,0,1,2,1,2,1,1,0,1,1,0,0,0,0,0,1,1,0,1,0,1,0,0,0,1,0,0,0,2,1,2,0,1,0,1,1,2,1,1,1,1,1,0,1,0,2,0,0,0,1,0,0,1,2,1,1,0,2,0
397,1,1,2,1,0,2,1,0,0,0,0,1,0,0,1,1,0,0,1,0,0,0,0,0,0,0,0,0,1,0,2,0,1,0,0,0,0,2,1,0,1,1,1,2,0,0,0,0,1,0,0,1,0,1,1,0,0,1,1,0,0,1,0,0,0,0,0,0,0,0,1,0,1,0,0,0,0,1,0,0,2,0,0,1,1,1,2,1,0,0,0,0,1,1,0,1,0,0,1,0,0,0,0,0,1,0,0,0,1,0,1,1,0,1,0,0,1,2,2,2,0,0,0,0,0,1,0,1,1,0,0,0,2,1,1,0,2,1,0,2,0,0,0,1,1,2,0,0,0,1,0,2,0,1,1,0,0,1,1,1,0,0,2,0,0,1,0,0,0,0,0,1,2,2,0,1,0,1,1,0,2,1,1,0,1,1,0,0,1,1,0,0,0,0,0,2,0,1,0,1,2,1,1,1,1,0,2,1,0,0,1,0,1,2,0,2,0,0,1,1,0,1,0,2,0,1,0,0,1,1,1,0,1,0,0,0,2,0,0,0,0,1,0,0,0,0,0,2,1,1,0,0,1,1,0,1,0,0,2,0,1,2,0,1,0,0,0,1,1,0,0,1,0,1,2,1,1,0,1,0,0,1,0,0,0,0,0,1,0,1,0,0,0,1,2,0,0,0,1,1,1,0,1,1,0,1,0,0,2,0,0,1,1,0,2,2,1,0,1,1,2,1,0,0,0,0,1,0,1,0,1,0,1,1,0,1,0,1,0,1,0,0,0,2,0,2,1,0,0,1,0
400,0,1,0,0,1,1,0,1,1,1,1,1,1,0,0,1,2,1,1,0,1,0,0,1,1,0,0,1,0,0,0,0,0,0,2,1,0,0,0,0,2,0,1,2,0,0,0,1,0,1,0,1,0,0,2,0,0,0,2,1,0,1,0,0,0,2,0,0,0,0,2,0,0,0,0,0,1,1,1,0,1,1,0,0,0,2,0,0,0,0,1,0,0,1,0,1,1,1,1,0,0,0,2,0,1,0,1,1,0,0,0,1,0,1,0,0,0,1,2,1,0,0,0,0,0,0,0,0,0,2,1,0,1,0,1,1,0,0,1,0,0,0,1,1,1,1,0,0,0,0,1,2,0,1,1,1,2,1,0,1,0,0,1,0,0,0,0,0,0,1,1,2,1,0,1,0,1,0,0,0,2,1,1,1,1,0,0,1,0,0,0,0,0,0,1,0,2,0,1,2,1,2,0,2,1,0,2,1,1,1,0,0,1,0,0,0,1,0,0,1,0,1,0,0,1,2,0,0,1,0,1,0,0,0,0,0,0,1,0,0,0,0,0,2,1,0,0,0,0,1,1,1,1,0,0,1,0,1,1,0,1,0,0,1,0,1,0,1,0,1,0,0,1,2,0,0,1,0,1,1,0,0,0,0,0,0,1,0,0,0,0,0,0,1,1,2,0,0,0,1,2,1,1,1,0,1,0,1,1,0,1,0,0,1,1,2,1,0,0,1,0,1,1,0,0,0,0,1,2,1,0,0,1,1,0,1,1,0,1,1,0,1,0,0,0,0,0,0,0,0,0
404,0,1,2,0,2,1,1,1,0,1,1,0,1,0,2,2,0,0,0,0,2,0,0,1,2,0,2,0,0,0,0,0,1,1,1,1,1,1,2,0,0,2,0,0,0,0,2,0,0,1,1,1,0,0,1,0,0,1,0,1,1,1,0,1,0,0,0,0,0,0,0,1,1,1,0,1,1,1,0,1,1,1,1,1,1,1,0,0,0,0,0,0,0,0,0,1,2,1,0,0,0,0,2,0,2,1,0,0,1,1,2,0,1,0,0,0,1,1,0,1,0,1,0,1,0,1,0,2,1,1,0,0,1,1,0,2,2,0,1,0,1,0,0,0,0,0,1,0,0,1,0,1,0,1,1,1,1,1,1,2,0,0,0,0,0,2,1,1,0,0,1,1,0,1,1,1,1,0,0,2,1,1,1,0,1,0,0,1,0,0,0,0,0,1,0,0,0,0,2,0,0,1,0,0,2,0,2,0,1,1,1,0,0,0,0,1,0,1,0,1,1,1,0,1,0,2,0,1,1,1,1,1,1,0,0,0,2,0,0,0,1,2,1,0,2,1,0,0,2,1,0,1,1,1,1,2,0,0,0,0,0,1,1,0,1,0,0,1,1,0,1,0,0,1,1,1,1,1,2,1,0,2,1,0,2,0,1,2,0,0,0,0,0,0,2,0,2,0,2,0,2,1,0,0,0,1,0,2,1,0,2,1,1,0,1,0,1,1,1,1,2,0,2,1,0,0,1,1,2,1,1,0,0,2,1,1,1,0,0,1,0,1,0,2,0,2,0,0,0,0,0
410,0,0,0,0,1,1,0,0,1,0,0,1,2,0,1,0,2,1,1,1,1,0,0,2,0,0,0,1,1,0,0,1,1,2,1,0,0,0,0,0,2,0,0,2,1,0,0,0,0,0,0,0,0,1,1,1,1,0,2,1,0,0,0,0,2,0,0,1,0,0,0,0,1,1,2,1,0,2,0,2,2,0,0,1,0,0,1,0,0,0,0,0,0,1,0,2,0,0,2,0,0,0,2,0,0,0,1,0,1,1,0,0,0,1,0,0,0,1,1,1,1,1,0,1,1,0,1,0,1,0,1,0,1,1,1,1,0,1,1,0,0,0,1,0,1,1,2,0,0,1,1,2,0,1,0,0,0,1,0,1,0,0,0,0,1,1,0,0,0,1,0,0,1,0,1,1,1,1,0,2,2,2,1,0,1,1,0,1,2,1,1,0,0,0,1,2,1,1,0,2,1,1,1,0,2,0,0,1,2,1,0,1,0,0,0,1,0,0,1,1,1,0,0,1,0,1,0,1,0,0,1,1,0,0,0,0,0,1,0,0,1,0,1,1,1,0,2,0,0,1,2,2,0,1,1,1,0,1,0,0,1,2,1,0,2,0,1,2,1,1,0,0,0,1,1,0,0,1,1,0,0,0,0,0,1,0,0,1,1,0,0,0,1,0,0,0,0,0,0,0,1,0,1,1,0,1,1,1,0,1,0,0,0,1,0,0,1,0,1,1,1,0,0,1,0,1,1,0,1,2,2,0,1,0,0,0,0,0,0,1,0,0,0,2,0,0,1,0,0,0,0
431,1,0,1,1,2,2,0,0,1,0,2,1,0,0,2,2,1,1,1,2,1,1,1,1,1,1,2,1,1,1,1,1,1,2,1,1,1,1,2,0,0,2,0,1,1,2,1,1,2,1,0,1,0,0,0,0,1,2,1,0,1,1,1,1,0,2,0,0,0,2,1,0,0,0,0,1,0,1,0,1,0,1,1,0,2,2,1,1,1,0,1,0,1,1,0,0,1,0,0,1,1,2,1,0,0,2,1,0,1,0,2,0,0,1,0,2,0,0,1,1,1,2,0,1,1,1,1,0,1,0,1,1,2,1,0,1,1,0,0,0,0,0,0,2,1,0,0,0,1,0,0,0,0,0,2,1,0,0,2,1,0,0,0,0,0,1,0,1,0,1,1,0,0,1,0,1,1,0,1,2,0,2,0,1,2,0,0,0,2,1,1,0,1,1,0,1,0,0,0,1,0,0,0,0,0,0,1,1,2,1,1,0,0,1,0,0,0,0,1,0,0,1,0,2,0,2,1,2,0,0,1,1,0,1,0,0,1,2,0,0,1,2,1,1,0,0,0,1,2,0,1,0,0,1,0,0,0,0,0,0,0,1,0,1,2,1,1,0,0,1,0,2,1,0,0,1,1,0,0,1,0,2,2,2,1,1,2,2,0,1,0,0,1,0,1,2,1,1,2,2,1,0,1,2,0,1,1,2,0,0,1,0,2,0,0,2,0,0,0,2,1,0,1,1,1,1,1,1,1,2,1,0,1,1,1,0,1,1,1,0,1,2,0,1,0,2,0,2,1,0,0
434,1,0,1,0,2,1,1,1,0,0,0,0,1,1,2,1,0,1,0,0,0,0,0,0,0,1,0,1,0,0,0,0,1,2,2,0,0,1,2,0,1,1,0,1,1,1,1,0,0,0,0,1,0,0,2,0,2,0,1,0,0,1,0,0,0,1,0,0,0,1,1,1,0,0,1,1,0,0,0,0,1,0,1,0,0,0,0,1,1,0,0,0,0,2,0,1,2,1,0,0,0,1,0,0,1,0,1,0,1,0,0,0,0,2,0,0,0,0,1,1,1,0,0,1,0,0,1,2,1,1,0,0,1,1,2,0,1,1,1,0,1,0,1,0,2,1,0,0,0,0,1,2,0,1,0,0,1,0,0,1,0,0,0,0,0,1,1,0,0,1,2,1,1,2,0,1,0,0,2,1,1,1,1,0,1,0,0,0,1,1,1,0,0,1,1,1,2,1,1,0,1,1,0,0,0,0,2,0,1,1,1,0,0,1,1,0,1,2,1,0,0,2,0,0,1,0,0,0,1,0,2,0,1,0,0,0,2,1,0,0,0,2,1,0,0,0,0,1,1,0,2,2,1,0,0,0,0,0,0,0,1,1,0,1,0,0,0,0,0,1,0,0,1,2,0,2,1,0,2,1,0,0,1,1,1,0,0,1,0,2,0,1,0,0,0,1,1,0,0,1,1,0,1,1,0,0,0,0,0,0,1,0,0,1,1,1,0,0,2,0,1,0,1,0,0,1,1,0,1,0,1,0,0,0,0,2,0,1,1,0,0,1,0,1,1,0,0,1,0,1,1
436,0,0,1,1,0,1,0,1,1,0,0,2,0,0,1,0,1,1,1,1,0,0,1,0,0,0,1,1,0,0,2,2,1,0,0,1,1,1,1,0,1,1,1,1,0,1,1,0,1,0,0,1,0,0,2,0,1,1,1,0,2,0,0,0,0,1,2,1,0,0,0,0,0,0,0,1,1,0,0,1,1,0,1,1,0,2,0,1,0,2,0,1,1,1,0,0,1,0,2,0,0,0,0,0,0,0,2,0,0,0,1,0,2,1,0,0,1,2,1,1,0,0,1,1,1,0,0,1,0,1,0,0,0,1,2,0,1,0,2,0,0,0,1,2,1,1,0,0,0,2,1,2,0,2,0,0,0,1,0,1,0,0,0,2,0,1,0,1,1,2,0,0,1,2,1,2,1,0,1,1,2,1,0,1,2,1,0,1,1,0,2,0,0,1,0,1,1,1,0,1,1,0,1,0,1,0,0,1,1,1,0,1,1,0,1,0,1,2,2,0,0,1,0,0,1,1,0,1,0,0,1,2,2,0,0,1,1,2,0,0,0,1,1,2,0,0,0,1,1,0,2,2,1,0,1,0,0,1,0,1,0,1,0,2,1,0,0,0,1,1,1,2,0,0,0,1,0,0,0,0,0,1,1,0,0,0,1,1,0,1,0,1,0,1,1,1,2,0,1,2,1,0,0,0,1,1,1,1,1,0,0,0,1,0,1,1,1,0,0,1,1,0,0,1,1,1,1,0,1,1,1,1,0,0,2,1,0,0,0,0,0,0,0,1,0,1,0,0,0,0,1
442,1,1,0,0,2,1,0,0,2,0,0,1,0,0,0,0,2,1,1,1,0,0,0,0,1,1,1,1,1,0,2,2,1,1,0,0,0,0,1,0,0,2,1,0,0,2,0,1,1,1,0,0,0,0,0,0,0,1,0,0,1,2,0,0,0,0,1,0,0,1,1,2,0,0,0,0,0,2,0,1,0,0,2,1,0,2,0,0,0,1,0,0,1,1,0,2,1,1,1,0,0,1,1,0,0,1,0,0,2,0,1,1,0,1,0,1,0,1,2,0,0,1,0,0,0,0,0,0,1,1,0,0,1,1,0,0,0,0,1,1,1,0,2,1,1,0,0,0,1,2,1,1,0,1,0,1,0,1,0,0,0,0,1,0,0,0,1,1,0,1,0,2,0,2,0,2,1,2,1,0,0,2,1,0,1,0,0,0,1,0,2,0,0,0,1,1,2,1,2,2,0,2,1,0,0,0,1,0,1,1,0,1,1,1,0,0,0,0,0,0,0,0,0,0,0,0,1,1,0,0,1,1,1,0,0,0,1,1,0,1,0,1,0,1,0,0,0,0,2,0,0,2,1,1,0,0,0,0,1,0,0,2,0,1,0,2,1,1,0,1,0,0,0,2,1,0,1,0,0,1,0,1,0,1,0,0,1,2,0,0,0,1,1,0,2,0,0,0,1,0,0,0,0,0,0,0,0,1,1,0,1,0,1,0,0,1,1,1,0,0,1,0,0,1,0,1,1,0,1,0,0,0,0,1,1,0,0,1,1,0,0,0,0,2,0,2,1,1,0,0,0
445,0,1,0,0,0,2,0,0,1,2,1,1,1,0,0,0,1,1,0,1,0,1,1,0,1,1,0,1,1,0,1,2,0,1,0,1,0,0,1,0,0,1,0,1,0,1,0,0,1,0,0,1,0,0,0,1,1,1,1,0,0,1,0,0,1,0,0,0,0,0,0,0,1,0,0,1,1,0,0,1,0,1,1,2,2,1,0,0,0,0,1,1,2,0,0,1,2,1,2,0,0,0,1,0,0,0,2,0,0,2,1,1,1,1,0,0,0,2,1,2,0,0,0,1,0,0,1,1,1,2,0,0,0,1,0,0,0,0,1,0,0,1,2,2,0,0,0,0,1,2,0,1,0,0,0,2,1,2,1,0,0,0,0,0,0,1,0,1,0,2,0,2,0,0,1,0,0,0,0,2,2,0,0,0,0,2,0,0,1,0,1,0,1,1,1,2,0,1,0,1,0,0,1,0,0,0,2,1,0,1,0,1,0,1,0,1,2,0,0,1,0,1,0,0,0,1,1,1,1,0,1,1,2,1,0,1,1,0,0,0,0,1,1,0,0,0,0,1,1,1,0,1,0,0,0,0,0,1,0,0,0,1,1,2,0,1,0,1,0,1,0,0,0,2,1,1,0,0,1,1,0,1,1,0,1,0,1,0,0,0,0,0,0,0,1,0,1,0,1,0,2,0,0,1,0,1,0,1,1,1,0,0,1,0,0,1,0,1,1,0,0,0,1,0,0,0,0,0,2,2,1,0,0,0,0,1,1,0,1,1,0,1,0,1,0,1,0,0,1,1,0
450,0,2,1,0,0,1,0,1,0,0,0,1,1,0,0,0,1,0,1,0,0,0,0,2,1,1,0,0,1,0,2,0,2,0,0,0,1,1,1,1,1,0,0,0,0,2,0,1,1,0,0,0,0,0,1,0,2,1,1,0,0,1,0,0,0,1,1,2,0,1,0,0,0,0,0,1,1,1,0,1,0,1,1,1,1,1,2,2,0,0,0,0,2,1,0,1,1,1,1,0,0,0,0,0,0,0,1,0,0,0,1,0,1,1,0,0,0,0,0,1,1,0,0,0,0,2,1,1,1,1,0,1,0,1,0,0,2,0,2,1,2,0,0,0,1,1,0,0,1,0,1,1,0,2,1,0,0,0,0,2,0,0,1,0,1,1,0,1,0,1,0,0,1,0,1,0,1,0,1,1,1,2,1,0,0,1,2,1,1,0,0,0,0,1,1,0,0,1,1,1,1,0,2,0,1,0,0,0,0,1,2,2,1,1,0,0,0,1,1,0,1,0,1,1,0,1,0,2,1,0,0,0,0,0,0,0,1,1,0,0,0,1,1,0,0,0,0,1,0,0,0,2,1,0,0,1,0,1,1,0,0,2,1,1,2,0,1,0,1,0,0,0,1,2,0,1,0,1,2,0,1,1,1,1,1,0,1,2,0,0,1,0,0,1,1,1,0,0,1,0,2,0,0,0,0,0,0,1,2,0,1,0,1,0,1,1,2,0,1,1,2,0,1,1,0,0,2,1,2,1,1,0,0,1,0,1,1,0,0,0,0,2,1,2,0,2,1,1,0,1,0
454,2,2,1,0,1,2,1,1,1,2,0,1,0,0,1,2,0,0,2,0,1,0,1,2,0,0,0,0,2,1,0,1,0,1,1,2,1,1,2,1,1,1,0,1,0,2,0,0,2,0,0,0,1,0,2,0,0,2,1,0,1,1,0,0,1,0,0,0,0,0,1,0,2,0,0,0,1,0,0,1,0,0,0,0,0,0,0,0,1,1,1,0,0,1,0,0,1,1,1,0,0,1,1,0,0,0,1,1,1,0,0,2,1,2,0,0,0,1,0,1,0,0,0,0,1,1,1,2,1,1,0,0,0,2,2,0,2,0,1,1,0,0,0,0,1,0,0,0,0,0,1,1,1,1,0,0,1,2,1,0,0,0,0,0,0,1,0,1,0,1,1,0,0,0,2,0,0,0,1,2,2,1,1,0,2,1,0,0,1,1,1,0,0,1,0,1,1,0,1,0,0,1,0,0,1,0,2,1,1,0,0,1,1,1,0,0,1,1,2,2,0,1,0,0,0,0,0,1,1,1,2,1,2,0,0,0,1,1,0,0,1,2,1,2,0,0,1,1,2,2,0,0,2,1,1,1,1,0,0,1,1,2,1,1,1,0,0,1,0,0,0,1,0,1,0,1,0,0,0,1,0,0,1,0,0,0,0,1,0,1,0,0,1,0,1,0,0,0,0,1,1,1,0,0,1,0,0,0,0,0,0,1,2,0,1,1,1,1,1,0,0,0,1,1,0,1,0,0,1,0,0,0,0,0,2,2,0,2,2,2,0,2,0,2,0,1,0,0,0,0,0
455,1,1,0,0,1,0,0,1,2,0,1,0,0,0,0,2,0,0,1,1,0,0,1,2,1,0,1,0,2,0,2,1,1,2,0,0,2,2,0,0,0,2,0,1,0,0,1,0,0,0,0,1,2,0,1,0,1,0,0,0,1,1,0,0,2,1,1,1,0,1,1,1,1,2,0,1,1,1,1,1,0,1,1,2,1,1,1,1,0,0,2,1,2,2,0,1,0,0,0,2,0,2,0,0,0,0,1,0,1,1,2,0,1,1,0,0,0,0,1,1,1,0,1,1,0,1,1,0,0,1,0,0,0,0,1,0,0,0,1,0,0,0,0,0,2,1,0,0,1,0,0,2,0,1,1,1,1,1,2,1,1,0,0,0,1,1,1,1,0,1,0,0,1,2,0,0,2,1,1,1,0,1,1,0,0,0,2,0,2,0,1,0,0,0,0,2,1,1,1,1,1,0,0,0,0,1,0,2,1,0,2,0,0,2,0,0,0,2,1,0,1,0,1,1,0,1,0,2,0,0,1,0,1,1,1,1,1,0,0,0,2,0,1,2,0,0,0,0,2,0,2,0,1,0,1,1,1,1,0,1,0,0,1,2,0,0,2,0,0,0,0,1,0,0,0,1,0,1,2,2,0,2,0,1,1,0,1,2,0,0,0,1,1,2,2,1,0,0,2,1,2,2,1,0,1,1,0,1,1,0,2,0,0,1,1,0,0,0,0,2,1,1,2,0,0,0,1,0,1,2,2,1,0,0,1,0,0,1,2,0,0,0,0,0,0,2,0,1,0,1,0
457,1,1,2,0,0,1,0,1,1,1,0,2,1,0,1,1,1,2,0,0,1,1,0,1,0,0,1,2,0,1,0,1,2,1,0,1,1,0,1,0,1,1,0,1,0,1,0,0,1,0,0,0,0,0,0,0,0,1,1,0,0,1,1,0,0,0,0,0,0,2,0,2,0,1,1,0,0,0,2,1,0,1,1,0,0,0,1,0,1,0,1,0,0,0,0,1,1,1,1,0,1,1,2,1,0,0,0,0,2,0,1,1,0,1,0,0,1,1,1,2,1,1,0,0,0,0,1,0,1,0,1,0,0,0,1,1,2,1,1,0,1,0,0,1,0,1,0,1,0,1,2,0,0,1,0,1,0,0,0,0,0,0,1,0,0,0,0,0,0,1,0,1,1,1,1,0,1,0,2,0,0,2,1,0,1,2,1,0,1,0,0,0,0,0,0,0,0,0,1,1,1,2,0,1,0,0,1,1,2,2,0,0,0,1,1,0,1,1,1,0,1,0,0,0,1,1,0,2,0,0,0,2,1,0,0,0,1,2,0,0,0,2,0,2,0,0,0,2,1,0,1,0,1,0,1,0,0,2,1,0,0,1,0,0,1,0,0,1,1,2,0,1,0,1,0,1,0,1,1,0,0,1,1,1,0,0,0,2,0,1,0,0,0,0,1,0,1,1,1,1,1,1,1,0,1,2,1,2,0,0,0,0,1,0,0,2,0,1,0,1,0,0,2,1,1,0,2,1,0,2,0,0,1,1,0,0,1,1,0,0,1,1,0,0,0,1,2,2,0,0,0
464,0,1,0,0,0,0,0,0,2,2,1,1,1,0,0,1,2,1,1,1,0,0,0,0,0,0,0,1,0,0,0,1,1,0,1,2,0,0,1,0,2,0,0,0,1,0,0,0,1,0,0,0,0,0,1,0,1,1,1,1,1,0,0,0,1,0,0,0,0,1,0,0,2,0,1,0,0,1,0,2,1,0,0,0,2,0,1,0,0,0,1,0,1,1,0,0,0,0,0,0,0,0,0,0,1,0,1,1,0,0,0,1,0,1,0,0,1,1,0,1,1,0,0,0,0,0,0,1,0,0,0,0,1,0,0,1,0,0,1,1,0,0,1,0,1,1,1,0,0,1,1,2,0,0,0,0,0,0,0,0,0,0,0,1,0,1,1,1,0,1,1,1,1,1,1,2,1,0,1,1,2,0,0,0,0,2,0,1,1,1,1,0,0,0,0,2,1,0,0,0,1,2,1,1,2,0,2,2,0,1,0,0,1,0,0,0,0,0,1,0,1,1,0,2,1,-1,0,1,2,1,1,1,2,0,0,0,1,1,0,1,0,1,0,0,1,0,0,0,0,0,0,0,1,0,0,1,1,1,0,0,1,1,1,2,0,1,2,2,0,1,0,1,1,1,1,0,1,1,1,0,0,0,1,1,1,1,0,1,0,0,0,0,1,1,0,0,0,0,0,1,1,0,0,1,0,1,2,1,1,1,1,1,1,1,1,1,0,0,1,1,1,0,1,0,0,1,1,1,1,1,1,0,1,0,1,0,1,0,0,0,0,0,0,1,0,1,2,1,0,1,0
471,0,1,0,0,1,0,1,1,0,1,1,0,1,1,1,1,1,0,0,2,0,1,0,0,0,1,0,0,0,0,0,1,0,2,2,1,1,2,0,0,1,0,1,2,0,0,0,0,1,0,0,1,1,0,2,0,1,1,1,0,0,1,0,0,1,1,1,0,0,2,1,1,0,0,1,0,2,1,0,1,1,0,1,1,1,1,0,1,2,0,0,0,1,2,0,1,1,1,2,0,0,1,0,0,2,0,0,0,1,0,0,0,1,2,0,0,0,1,0,1,1,0,0,0,0,0,0,2,0,0,0,0,1,1,0,0,0,0,0,1,1,0,0,0,2,1,0,0,0,0,1,1,0,1,0,1,0,2,1,0,1,0,0,0,0,0,0,0,0,1,0,1,1,1,1,0,1,0,1,0,2,2,1,0,0,0,0,1,1,0,2,0,1,0,1,1,2,1,2,0,1,0,0,0,2,0,1,0,1,1,0,0,0,1,1,0,0,0,1,1,0,0,0,0,0,1,0,1,2,0,0,0,1,0,0,0,0,1,0,0,0,0,1,1,0,1,0,0,0,1,2,1,1,0,1,2,0,1,0,1,1,2,0,1,0,1,1,1,1,0,0,0,0,0,1,0,0,0,1,0,0,0,0,2,0,0,1,0,0,0,0,1,0,2,2,1,0,0,0,1,1,0,1,0,0,0,0,0,1,0,0,0,1,0,0,0,2,0,0,1,1,0,1,0,1,1,0,0,1,1,1,0,1,0,0,1,0,0,0,1,0,0,0,0,0,1,0,2,1,0,0
473,0,1,0,0,0,2,0,2,1,0,1,2,2,0,0,1,1,1,0,1,1,0,1,0,1,0,1,1,0,1,1,0,1,0,2,0,1,1,0,0,2,2,1,1,0,2,1,0,0,0,0,1,0,0,1,1,1,0,0,0,0,1,1,0,1,1,0,1,0,0,1,2,2,0,0,0,0,0,0,0,2,0,0,0,2,0,0,1,0,0,0,1,1,2,0,1,2,1,1,0,1,0,0,0,0,0,1,0,0,0,1,0,0,1,0,0,1,1,2,0,2,1,0,1,1,0,0,1,1,0,0,0,1,0,1,1,1,1,0,2,0,0,2,0,2,0,0,0,2,0,1,2,0,1,2,1,0,1,0,1,0,0,1,0,0,0,1,1,0,1,0,1,0,0,1,1,1,0,1,1,0,2,2,0,0,0,0,0,2,0,1,0,0,0,0,1,1,1,0,1,0,0,0,1,0,1,2,1,1,0,1,2,0,0,1,0,1,1,1,0,1,0,0,0,0,1,0,0,2,0,0,1,1,0,0,1,0,2,0,0,0,0,1,0,0,0,0,1,2,0,2,1,1,0,1,1,0,1,0,1,0,2,1,0,1,1,1,1,0,1,0,0,0,0,1,0,1,1,1,0,0,1,0,2,0,0,0,2,0,1,0,0,1,1,1,1,1,0,1,0,1,0,2,0,0,1,1,1,0,0,0,0,0,0,1,1,2,1,0,1,0,0,0,1,0,0,1,0,1,1,1,0,2,0,0,1,1,0,1,0,1,0,0,1,0,2,0,0,0,0,0
478,0,2,1,0,1,0,0,0,1,0,0,0,0,0,1,0,0,1,1,0,1,0,0,0,1,0,1,1,1,0,1,1,2,1,1,0,1,0,1,1,2,0,0,0,1,1,0,0,0,0,0,1,1,0,1,0,0,0,0,0,1,1,0,0,0,1,1,0,0,1,0,1,0,0,0,0,0,0,1,0,0,1,1,1,0,2,1,1,0,0,1,0,1,1,0,0,0,0,2,0,0,0,1,1,0,1,0,1,0,0,0,1,0,1,0,0,1,1,1,1,1,0,0,0,1,1,0,1,1,0,0,0,0,0,1,1,1,1,0,1,2,2,0,2,1,2,0,0,2,1,1,0,0,0,0,2,2,2,2,2,0,0,0,0,0,1,0,1,0,0,1,0,2,1,1,1,1,0,0,1,1,1,2,1,1,0,0,1,1,0,1,0,0,0,1,1,0,2,1,1,2,1,0,0,1,0,2,2,1,2,0,0,0,1,0,0,1,2,1,0,1,0,0,0,1,2,0,2,0,0,0,1,1,1,1,0,1,2,0,0,1,1,0,1,0,1,1,0,1,0,2,2,2,1,1,1,0,1,0,1,1,2,2,1,2,0,0,0,1,1,0,1,0,0,0,2,0,1,1,0,0,0,0,2,0,0,0,2,0,0,0,1,0,1,1,1,0,1,0,1,0,0,0,1,0,0,0,0,1,1,1,1,0,0,1,1,0,0,1,1,1,0,1,0,0,1,2,0,0,1,1,0,1,1,1,2,2,0,0,0,0,2,0,2,0,1,0,1,0,0,1
484,0,0,1,0,2,0,0,1,0,1,0,1,1,1,1,2,0,1,1,0,1,0,1,1,1,0,1,1,2,0,1,0,0,1,0,1,1,1,2,0,1,1,0,0,0,0,0,0,2,0,1,1,0,0,2,0,0,2,1,1,1,0,0,0,0,2,1,0,0,2,1,0,2,2,0,0,1,2,0,1,0,0,0,1,1,1,1,1,0,1,0,0,1,2,0,1,0,1,0,1,0,0,0,1,0,0,1,0,1,0,0,0,0,2,0,0,1,1,2,0,0,0,1,0,1,0,0,0,1,1,1,0,1,0,1,1,1,0,1,2,0,0,0,2,2,0,2,1,0,2,1,1,1,1,0,2,1,1,1,1,0,0,0,1,0,0,0,1,0,0,1,0,0,2,0,0,1,1,0,2,1,2,1,0,2,0,0,0,1,2,0,0,1,0,0,1,1,1,0,0,0,2,0,1,0,0,0,2,1,0,0,1,0,2,0,0,0,0,0,0,1,0,0,0,0,0,0,0,2,0,0,0,0,0,0,0,2,1,0,0,0,2,2,1,1,2,1,0,0,0,0,0,1,0,1,2,0,0,0,1,0,1,0,2,1,1,1,1,0,1,0,0,0,0,1,0,0,1,2,0,0,0,0,1,1,0,0,0,1,0,2,0,0,2,2,2,0,2,0,0,1,0,0,0,1,2,0,2,1,0,2,0,1,0,1,0,0,0,1,2,0,1,1,0,0,0,0,1,2,1,0,1,0,1,1,2,1,0,0,0,0,1,2,1,1,2,0,2,1,0,1
489,0,1,2,0,0,0,0,1,0,1,0,0,1,0,1,1,0,0,0,0,1,0,0,1,1,0,2,0,2,0,0,1,1,2,1,0,1,0,0,0,0,1,1,1,0,0,1,0,1,0,0,0,2,0,0,0,1,1,1,1,0,1,0,0,0,0,0,0,0,1,0,0,1,0,0,2,0,0,1,2,2,1,1,2,2,0,0,1,1,0,0,0,0,0,0,1,1,0,1,0,0,0,0,0,0,0,1,1,1,0,0,0,1,0,0,0,0,0,2,1,1,0,2,2,1,0,0,2,0,0,0,1,0,0,1,0,2,0,0,1,0,0,0,2,0,1,0,0,1,1,1,0,0,1,0,0,0,1,0,0,0,0,0,0,0,2,1,2,1,0,0,0,1,1,1,1,1,1,0,0,0,1,1,1,2,1,1,0,2,0,0,0,1,0,1,1,0,0,2,1,1,2,0,1,1,1,0,1,2,1,0,1,1,0,1,0,0,0,2,0,0,1,0,1,2,1,0,2,0,0,2,0,1,0,1,0,0,0,0,1,1,0,2,1,1,0,0,0,2,0,1,1,0,0,1,1,0,1,0,1,0,1,1,0,1,0,1,1,0,0,1,0,0,1,1,1,0,0,0,2,1,0,0,1,0,0,0,1,1,0,0,0,0,1,0,0,1,0,0,1,1,1,0,1,0,0,1,2,0,1,0,0,1,1,0,1,1,0,0,1,0,0,0,1,0,0,1,0,1,0,2,2,2,1,0,0,0,0,2,0,0,1,0,1,1,2,0,1,1,0,0
500,0,2,2,0,1,2,1,1,1,0,0,0,2,0,2,2,1,0,0,0,0,0,0,0,1,0,0,0,1,0,1,0,1,1,2,2,0,0,1,1,1,0,0,1,0,1,0,0,1,0,0,1,0,0,1,0,0,1,1,0,1,0,0,0,0,1,0,0,0,0,0,1,1,0,0,0,0,1,1,2,0,0,0,2,1,1,0,0,1,0,0,0,1,1,1,1,2,0,1,0,0,0,1,0,1,1,0,0,0,0,0,0,1,0,0,0,1,1,2,0,1,0,1,0,0,1,0,1,0,0,0,0,2,1,0,0,2,0,1,0,1,0,2,1,1,2,0,0,0,2,1,2,1,0,1,0,1,1,0,1,1,0,0,0,0,1,1,1,1,1,0,0,2,1,1,1,0,0,1,0,0,0,2,0,1,1,0,1,2,0,0,0,0,1,1,2,1,1,1,1,2,1,0,0,1,0,2,1,1,1,0,1,1,0,0,0,0,1,0,0,1,0,0,1,1,1,0,1,1,1,0,1,0,0,0,0,1,2,0,0,1,1,0,0,0,0,1,0,1,0,0,0,2,0,0,0,0,0,0,0,0,1,0,2,1,0,0,2,2,0,1,1,0,2,1,1,0,1,1,0,0,0,0,1,0,0,0,0,0,2,0,0,0,0,1,0,0,1,0,1,1,0,0,2,0,0,0,0,1,0,1,0,1,0,1,1,0,0,0,0,1,0,1,0,0,2,1,0,1,1,0,1,1,1,1,1,1,0,1,0,0,1,0,2,1,0,0,0,0,0,1
504,1,1,0,0,2,1,0,0,1,1,1,0,0,1,1,1,2,0,1,1,1,0,0,2,2,0,2,0,2,2,0,0,2,1,1,0,1,0,1,0,1,1,0,2,0,1,1,0,1,0,0,1,0,0,1,0,1,1,2,2,0,0,2,1,0,1,0,1,0,2,2,0,1,0,0,0,2,0,0,1,0,1,0,1,0,2,1,1,0,0,2,0,2,2,1,1,2,1,0,1,2,0,1,0,1,1,0,0,1,0,1,0,0,2,0,0,1,0,1,0,1,1,0,0,1,0,1,0,0,0,0,0,1,1,1,1,0,0,0,0,1,1,0,2,2,1,0,1,1,1,0,1,0,1,0,1,0,1,1,2,0,0,1,0,0,0,0,1,1,2,0,0,1,0,0,2,1,0,1,1,2,0,1,0,0,2,1,0,2,1,1,0,1,1,0,0,0,1,0,1,1,0,0,1,2,1,1,2,2,1,1,2,0,1,1,1,0,0,1,0,1,1,0,2,0,2,0,1,0,1,1,1,0,0,0,0,1,0,1,0,0,1,1,2,2,1,0,1,1,0,1,0,2,0,0,0,0,0,1,0,1,2,1,1,2,2,1,1,1,0,1,0,1,0,2,0,1,0,1,0,0,1,1,0,2,0,0,1,0,0,0,0,1,1,2,1,0,0,1,1,2,0,0,0,0,1,1,0,0,0,1,0,1,1,1,1,0,0,1,1,0,0,1,2,1,2,1,0,0,2,1,0,2,1,0,2,1,1,0,0,2,1,0,1,0,2,0,2,1,0,1
517,1,1,1,0,1,1,0,2,0,1,0,0,1,1,1,2,2,1,2,0,0,0,1,1,1,1,1,1,1,0,1,1,0,2,1,1,1,0,1,0,1,1,1,0,0,1,2,1,0,1,0,1,2,0,0,0,1,0,1,0,0,1,0,0,0,0,0,0,0,1,0,1,1,0,1,0,1,2,0,2,0,1,1,2,0,1,1,1,1,0,0,0,1,2,0,0,0,0,1,0,0,1,0,0,0,0,1,0,0,0,1,1,0,0,0,1,0,1,1,2,0,1,2,0,1,0,1,0,1,2,0,0,1,0,1,0,1,0,0,1,2,0,0,0,2,1,1,0,1,1,1,2,0,1,0,0,0,0,1,1,1,0,1,2,0,1,0,1,0,2,1,0,1,2,1,1,0,0,2,1,1,2,2,0,1,1,0,0,1,0,0,0,1,0,0,1,2,1,1,1,1,2,1,1,0,1,2,1,0,1,1,1,1,1,1,0,0,1,0,0,1,2,0,1,0,0,1,1,1,0,2,0,0,0,1,1,1,1,0,0,1,1,1,0,0,0,0,0,1,0,2,1,1,1,1,0,1,1,0,0,1,1,1,2,1,1,2,1,1,1,0,1,0,2,0,1,0,1,1,1,0,1,0,1,0,1,0,1,0,0,0,1,0,1,0,0,2,0,1,1,1,0,0,0,1,0,1,1,0,1,0,1,0,1,1,2,0,0,0,1,0,1,2,1,0,1,0,0,0,0,1,2,0,1,0,1,0,1,2,0,0,0,0,2,0,1,1,1,1,1,0
520,0,1,1,0,2,0,0,0,0,0,2,1,0,0,0,1,1,0,0,2,1,0,0,2,1,0,1,0,1,0,0,0,1,2,0,0,1,1,0,0,0,1,1,2,0,1,0,1,1,1,0,0,1,0,1,0,2,1,1,1,1,1,0,0,0,1,1,0,0,1,1,1,0,1,0,1,1,2,1,2,1,1,2,2,2,2,0,2,0,0,1,1,2,0,0,1,1,1,1,0,0,1,0,0,0,2,1,1,1,0,2,1,1,0,0,0,1,1,0,1,2,0,1,1,1,0,1,0,1,1,1,1,0,1,2,1,1,0,0,0,0,0,1,1,0,1,1,0,2,1,0,2,0,1,0,0,0,2,1,0,0,0,0,0,1,2,0,2,0,2,0,1,1,1,1,0,1,0,2,1,2,0,0,0,1,1,1,0,2,1,1,0,0,0,0,2,0,0,1,1,1,0,0,1,1,0,0,1,0,0,0,1,0,2,1,0,0,0,0,0,1,2,0,2,1,1,0,1,2,1,2,2,1,0,0,1,0,1,0,0,0,0,0,1,1,0,0,2,2,0,0,1,1,1,0,1,1,2,0,1,0,2,1,1,1,1,0,1,1,0,0,0,0,2,1,1,2,1,2,0,0,2,0,1,1,0,1,1,0,0,0,0,0,0,2,1,0,0,2,0,0,0,1,2,1,0,0,1,2,0,1,1,1,2,0,0,0,1,0,2,1,1,1,0,0,0,1,0,2,2,1,1,1,2,0,0,0,0,0,0,0,1,0,1,0,1,0,1,0,0,0
523,1,0,1,0,1,1,2,0,1,0,0,1,1,1,1,2,1,1,0,0,1,0,0,1,1,0,1,1,1,0,0,0,0,0,1,1,1,0,1,0,2,0,1,2,0,1,0,0,1,0,0,0,0,0,1,0,0,1,0,1,0,0,0,0,0,1,0,0,0,1,1,2,1,1,0,0,0,0,0,1,1,1,1,0,2,1,1,1,0,0,0,0,0,1,1,1,1,1,1,1,0,1,0,0,0,1,1,0,2,0,0,2,0,0,0,0,0,1,1,0,1,0,0,0,0,0,0,0,1,1,0,1,0,0,1,1,1,0,0,0,0,0,1,1,1,2,0,0,0,0,2,1,1,0,0,1,1,1,1,0,0,0,0,0,0,0,0,0,0,1,0,0,2,0,1,1,0,0,1,0,1,1,0,1,1,0,1,0,0,0,0,0,0,0,0,1,1,1,1,1,2,1,1,0,1,1,0,0,2,0,0,0,0,0,1,0,0,0,1,1,0,2,0,0,2,1,0,0,1,0,2,2,1,0,0,0,1,2,0,0,0,1,0,1,0,0,1,0,0,1,2,1,2,0,1,2,0,0,0,1,2,1,1,1,1,1,1,2,2,1,0,0,0,2,0,1,2,0,1,0,0,0,0,0,0,1,0,0,0,0,0,1,1,1,1,1,1,0,0,0,2,0,0,1,0,1,0,1,0,0,1,0,1,1,1,1,0,0,1,1,1,0,1,0,0,0,0,0,1,1,2,0,1,0,0,2,1,1,1,1,0,1,0,2,1,0,1,1,0,0,0
524,0,0,1,0,0,2,1,0,2,0,0,1,0,0,1,0,2,1,1,0,0,0,0,1,0,0,1,1,0,0,1,1,0,1,1,0,0,0,0,0,2,0,0,1,0,0,2,0,0,0,0,0,0,0,1,0,1,0,1,0,0,1,0,0,0,1,0,0,0,1,0,1,0,0,1,0,0,1,0,2,1,0,1,1,1,2,1,0,0,0,0,0,1,0,0,1,2,1,1,0,0,0,1,2,0,0,1,0,0,0,0,1,0,1,0,0,1,2,1,0,0,1,0,0,1,1,1,1,0,1,0,1,1,1,1,0,1,0,0,2,0,0,2,1,0,0,0,0,0,0,1,1,1,0,0,1,0,0,1,0,0,0,0,0,0,0,1,0,1,0,1,0,0,1,1,2,1,0,0,2,0,2,1,1,1,0,0,0,0,0,0,0,0,0,0,0,0,0,1,2,0,1,0,0,0,0,0,1,0,0,1,1,0,1,0,0,1,0,1,2,0,1,0,0,2,1,0,1,1,0,1,0,1,0,0,0,0,0,0,0,0,0,0,0,0,0,1,0,0,2,0,0,0,0,1,1,0,1,0,0,0,1,1,1,0,1,1,1,0,1,1,0,0,1,1,1,1,0,1,1,0,0,0,1,0,1,0,1,0,0,0,1,2,2,1,1,0,1,0,1,0,0,0,1,1,0,0,0,1,0,1,0,0,0,0,1,0,0,0,0,0,0,0,0,0,0,0,0,1,1,0,0,1,0,0,1,1,0,1,2,0,2,0,2,0,0,0,1,0,0,0
526,0,0,1,0,0,1,0,1,2,0,0,1,1,0,1,0,1,1,2,2,1,0,0,1,0,1,1,1,0,1,1,1,1,1,1,1,1,0,0,0,1,0,0,1,0,1,1,0,1,0,0,2,1,1,1,1,0,1,1,0,0,2,1,0,0,0,1,0,0,0,0,0,0,1,0,1,1,1,0,0,1,0,0,0,0,1,0,0,0,1,0,0,1,1,1,1,0,1,1,1,1,0,1,0,0,0,0,0,1,0,1,1,0,1,0,0,0,1,0,2,2,0,0,0,0,1,1,0,1,1,1,0,1,1,1,1,1,0,1,1,0,0,1,1,1,2,0,0,1,2,1,1,0,1,0,2,1,1,1,1,0,0,1,0,0,1,0,0,0,1,1,2,2,2,1,2,1,0,1,1,2,0,0,1,1,0,0,0,1,0,2,0,1,0,0,1,0,0,1,2,2,2,0,1,0,0,1,0,2,0,1,1,0,2,0,1,0,1,2,2,0,0,0,1,1,1,1,2,0,0,0,0,1,0,0,0,0,1,0,0,1,0,2,0,0,0,0,0,0,2,0,0,1,0,1,0,1,1,1,1,0,1,2,0,1,0,1,1,2,1,0,0,0,1,1,0,0,0,1,0,0,1,0,0,0,1,0,0,0,1,0,1,0,2,1,0,0,0,1,0,1,0,1,0,2,0,1,2,0,1,1,0,1,0,1,2,1,0,0,0,1,0,0,1,0,0,1,1,1,1,2,0,1,0,0,0,1,0,0,2,1,1,0,1,0,0,0,0,1,0,0
533,1,0,0,0,0,1,1,0,1,0,1,1,1,1,0,1,0,2,0,1,1,0,1,0,0,1,1,2,0,1,0,0,2,1,1,1,1,0,1,0,0,2,0,1,0,1,0,0,0,0,0,2,1,0,0,0,1,0,0,0,1,1,0,0,1,0,0,1,0,2,0,0,2,0,0,1,1,0,0,2,1,1,0,2,0,1,0,0,1,0,1,0,1,0,0,1,1,1,2,1,1,0,1,0,0,0,0,0,0,0,1,1,1,1,0,0,1,2,0,1,0,0,0,1,1,1,1,2,1,0,0,0,0,1,1,1,0,0,0,0,1,0,1,1,0,1,0,0,0,1,2,1,0,0,0,2,0,0,0,1,1,0,0,1,0,1,0,0,0,1,0,1,1,1,0,1,1,0,1,2,1,1,1,0,1,1,1,1,1,1,1,0,0,2,0,2,0,2,1,1,1,0,0,1,0,0,2,0,1,0,2,0,0,2,0,0,0,2,1,0,0,0,0,1,2,2,0,2,1,0,1,1,1,0,0,0,1,1,0,0,1,1,0,1,0,0,0,1,2,0,0,2,1,0,0,1,1,0,0,1,1,2,0,1,0,1,0,0,0,2,0,1,0,2,1,1,0,0,0,0,0,1,0,0,1,0,0,0,1,0,0,0,1,1,1,0,1,0,1,1,1,0,0,0,0,0,0,1,1,0,1,0,0,1,1,1,0,0,1,0,1,1,0,1,0,0,2,0,1,2,1,0,2,0,2,2,1,1,0,0,0,1,0,0,0,1,1,2,0,1,0
541,0,0,2,0,0,0,0,0,1,0,2,2,1,0,0,0,1,0,0,1,0,0,2,1,1,0,1,0,0,0,0,0,1,2,1,1,1,1,0,0,2,0,0,1,1,1,1,0,2,0,1,1,0,1,2,1,2,2,1,0,0,1,0,1,2,1,0,0,1,2,0,1,0,1,1,0,1,1,0,1,2,1,0,1,0,2,1,1,0,0,0,0,1,1,0,2,0,0,1,1,0,1,1,1,0,0,2,1,0,0,2,0,2,1,0,0,0,1,0,0,0,1,0,0,2,1,0,1,1,0,0,0,1,0,0,1,2,2,0,1,1,0,1,2,1,0,1,1,1,0,1,0,0,0,0,1,0,1,1,1,1,0,0,0,0,0,0,0,0,1,0,0,0,1,2,1,0,0,2,0,1,0,1,0,0,2,1,1,1,1,1,0,1,1,0,0,0,1,1,2,0,2,0,1,1,0,1,0,1,1,2,1,0,1,1,0,0,0,1,0,0,1,1,1,2,2,0,0,0,0,1,0,0,0,0,0,0,2,0,0,1,0,0,1,1,0,0,0,0,0,1,0,0,0,2,0,0,0,0,1,0,0,0,1,2,0,2,0,0,0,0,0,1,1,1,1,0,0,1,0,0,2,1,1,0,1,0,1,0,0,0,0,0,1,0,1,0,0,2,0,1,1,0,0,1,0,0,1,1,0,0,0,2,1,0,2,1,0,0,2,1,0,1,0,1,0,1,0,1,1,1,0,1,1,0,0,0,0,0,0,0,1,0,0,0,1,1,2,1,1,0
543,0,1,0,0,0,1,0,0,0,0,0,1,2,0,1,0,2,1,0,1,1,0,1,0,0,0,0,1,0,0,0,0,0,1,0,2,1,0,1,0,1,1,1,1,0,1,0,0,0,0,0,1,1,0,2,0,1,0,1,1,1,1,0,0,0,1,0,0,0,1,1,1,0,1,1,0,0,0,0,1,2,0,2,0,0,0,0,0,0,0,0,0,0,0,0,1,1,1,0,0,0,0,1,0,1,0,0,0,0,0,0,2,1,2,0,0,1,1,2,1,1,0,1,0,1,0,0,1,1,1,0,0,0,2,1,1,0,0,0,0,1,0,1,2,0,1,0,0,0,1,1,2,0,1,0,2,0,1,0,0,0,0,0,0,0,0,0,0,1,2,0,1,0,0,2,1,0,0,0,1,1,0,2,0,2,1,0,1,0,0,1,0,0,1,0,2,2,0,0,0,1,2,0,0,0,0,1,0,0,1,0,0,1,0,0,1,0,2,0,2,1,2,0,0,2,0,0,1,0,0,2,0,1,0,0,0,2,1,0,0,1,1,0,0,0,0,0,1,1,1,0,0,1,0,1,1,0,1,0,1,1,1,2,1,0,1,1,1,0,1,1,1,0,0,0,0,2,1,1,1,0,0,1,0,0,0,0,1,0,2,0,1,1,0,2,1,0,0,0,1,0,0,0,0,0,0,0,0,2,0,0,0,0,0,0,1,1,0,0,1,1,0,1,1,0,0,0,0,1,0,0,1,1,1,1,1,0,0,1,2,0,2,0,0,0,0,1,1,0,0,0
545,1,1,1,1,1,1,0,0,0,0,0,1,1,0,0,1,1,1,1,0,2,0,0,1,1,0,0,1,1,0,2,0,1,2,2,1,1,0,1,0,1,1,1,0,0,0,0,0,1,0,1,1,0,0,2,0,0,1,1,0,0,2,0,0,0,0,1,1,0,1,0,0,0,1,0,0,0,0,0,0,2,0,0,1,1,0,1,1,0,1,0,0,1,0,1,1,1,0,1,0,0,1,2,0,0,0,0,0,0,1,0,0,1,0,0,0,2,2,1,0,1,0,0,1,0,2,1,1,0,2,0,0,1,0,2,2,1,0,1,0,0,0,2,1,0,0,0,0,0,0,2,0,0,0,0,1,1,2,0,1,0,0,0,0,0,0,0,2,0,0,0,1,0,0,2,0,1,1,0,0,1,2,2,0,1,0,0,0,2,1,0,0,0,0,0,2,1,1,1,2,0,1,0,0,1,0,1,0,1,2,0,2,0,1,0,1,1,1,1,1,0,0,0,1,1,0,0,0,1,0,0,0,1,0,0,0,1,0,0,0,0,1,2,0,0,0,0,1,1,1,0,2,1,0,1,1,0,0,0,0,1,0,2,1,0,1,0,2,0,1,0,0,1,0,1,1,0,0,0,0,0,0,1,0,0,0,0,0,0,0,0,1,0,0,1,0,1,0,0,0,1,1,0,1,0,0,0,1,1,0,1,0,1,0,1,0,0,0,1,1,1,0,1,0,0,0,1,0,2,0,1,0,1,2,0,1,0,1,0,1,0,0,0,2,0,0,1,1,0,0,0
551,2,1,2,0,1,1,0,0,1,1,0,1,0,0,0,0,1,1,0,1,0,0,0,0,0,0,1,1,2,0,0,0,2,2,0,1,0,0,0,0,1,1,1,0,0,0,0,0,1,0,1,1,0,0,1,0,1,1,0,1,0,1,2,0,0,0,0,1,0,1,2,0,0,1,1,0,0,0,0,0,1,0,1,2,0,1,1,1,0,0,0,0,2,0,0,2,2,1,0,0,2,0,2,1,0,0,1,0,1,0,1,0,2,1,0,0,1,2,2,1,0,0,0,0,2,0,1,1,0,1,1,0,0,1,2,0,2,1,1,2,0,0,0,2,0,1,0,1,1,0,0,1,0,0,0,2,0,2,2,1,0,0,0,0,0,1,0,0,1,1,1,0,1,0,1,0,0,0,1,2,1,1,1,0,1,1,0,0,1,0,1,0,0,1,0,2,0,0,2,1,1,1,0,1,1,0,2,2,2,2,0,1,0,0,0,0,2,0,2,0,1,0,0,1,1,2,0,2,2,0,0,0,1,0,0,0,0,0,0,0,0,0,0,2,0,0,1,0,1,0,0,1,0,1,0,1,1,1,0,0,1,1,0,0,1,0,1,1,1,1,1,1,0,1,0,2,0,1,1,1,0,1,0,1,0,1,0,0,0,0,0,0,0,1,1,0,0,0,1,1,1,0,0,0,0,1,0,1,0,1,0,0,1,1,0,0,1,0,0,2,0,2,1,1,0,2,2,0,0,0,2,0,1,1,0,1,1,2,1,0,2,0,0,1,0,1,1,1,0,0,1
556,0,0,0,0,0,1,1,1,2,0,1,1,1,0,0,1,0,1,1,0,0,1,1,0,0,0,1,1,2,0,0,2,2,1,0,0,2,0,0,0,1,0,2,0,1,2,1,0,0,1,0,0,0,1,2,1,0,0,1,0,0,2,0,0,0,1,1,1,0,2,1,0,1,2,0,0,1,1,0,1,0,0,0,1,2,1,0,2,2,0,1,0,1,0,2,2,1,1,1,0,0,0,1,0,0,0,0,1,1,0,1,0,1,0,0,0,0,0,0,0,1,0,0,0,0,0,1,0,0,1,0,0,2,0,0,0,0,0,0,2,1,1,0,1,0,1,0,1,0,1,0,1,0,0,1,2,0,2,1,1,1,0,0,1,1,0,1,1,0,0,0,0,1,1,0,0,1,0,1,0,2,1,0,0,1,1,0,1,2,1,0,0,0,0,1,2,1,1,2,0,1,1,0,0,1,0,1,1,1,0,1,1,0,1,0,1,0,0,1,1,0,0,0,2,1,2,0,1,1,0,0,1,0,0,0,0,0,0,1,0,0,0,2,0,0,0,0,1,0,1,0,1,2,0,0,1,0,0,0,0,1,1,0,1,2,1,2,0,1,1,0,1,0,1,0,0,0,0,1,0,0,1,1,1,1,1,0,1,0,0,1,1,0,0,1,1,0,0,1,1,2,0,0,0,0,0,0,1,1,0,2,0,1,0,1,2,2,0,1,1,0,0,2,0,1,2,2,1,1,2,2,0,2,1,0,0,1,0,0,1,0,1,1,0,0,1,0,2,0,0,0
561,0,2,2,2,2,0,0,0,1,1,0,0,0,0,0,2,1,0,0,0,0,0,1,1,2,1,2,0,2,1,0,0,1,2,1,0,2,0,1,1,0,2,0,0,0,2,0,0,1,0,0,1,0,0,2,1,1,1,1,0,1,0,0,0,0,0,2,0,0,2,1,0,0,0,0,0,0,0,0,1,0,1,0,0,0,2,2,2,0,1,1,0,2,0,0,2,0,1,0,2,0,0,0,0,0,2,1,0,0,0,1,0,0,2,0,1,0,0,0,0,1,0,0,1,0,1,0,1,1,0,2,1,0,1,0,0,2,1,0,0,0,0,0,2,0,1,0,1,2,0,1,0,2,2,1,2,0,1,1,0,1,0,1,1,0,0,0,2,1,0,1,0,1,0,1,0,1,0,1,2,2,1,0,1,0,1,1,0,1,1,0,0,1,2,0,1,0,2,2,0,1,0,1,1,0,2,0,2,1,0,2,0,0,2,1,0,0,2,0,0,0,0,0,1,0,2,1,0,1,1,1,1,0,0,0,0,1,2,0,0,0,1,0,1,0,0,2,0,1,0,0,0,2,0,1,0,0,0,1,2,0,0,0,1,2,0,2,1,1,0,1,1,0,0,1,2,0,0,0,2,0,1,0,2,1,1,2,2,0,0,0,1,0,0,0,0,0,0,1,1,2,0,0,1,0,0,1,2,1,1,2,0,1,1,0,1,1,2,1,2,1,0,1,1,0,0,1,1,1,2,2,0,0,1,1,0,2,0,2,0,0,0,0,1,0,0,0,2,1,1,0
562,2,2,1,0,1,1,0,2,0,0,0,1,1,1,0,1,1,2,0,0,1,0,0,2,1,0,1,2,1,0,1,0,0,1,0,1,0,1,1,1,0,2,1,0,0,0,1,0,1,0,0,0,0,0,0,0,1,1,0,0,2,1,0,0,1,1,0,0,0,0,1,0,0,1,0,0,0,0,0,1,2,1,1,2,0,1,0,1,1,0,0,1,2,2,0,0,1,0,1,0,0,0,1,1,0,1,0,1,2,1,1,0,0,2,0,0,1,2,1,0,1,1,0,0,0,1,1,0,1,1,0,0,1,1,1,1,1,1,0,0,0,0,1,2,2,1,0,1,0,1,1,1,2,0,2,0,0,0,1,2,0,0,1,0,0,0,0,2,0,0,0,1,1,1,1,0,1,2,1,0,0,1,0,0,1,1,2,1,1,0,0,0,0,0,0,0,0,2,1,2,1,2,0,0,2,0,1,0,1,0,1,1,0,1,0,0,0,0,1,0,0,1,0,1,1,2,1,1,0,1,1,2,1,0,1,1,1,1,0,1,0,1,2,0,0,0,2,1,2,0,0,1,2,1,1,0,0,1,1,0,0,2,0,1,0,1,1,0,1,2,0,1,0,1,2,1,1,0,0,1,0,1,1,1,0,0,1,0,0,0,1,0,0,0,1,1,0,0,1,1,1,0,1,0,0,0,0,1,1,0,1,0,1,0,1,1,0,0,1,1,2,0,1,0,1,0,0,0,1,1,0,0,2,1,2,0,1,2,1,0,0,0,1,0,1,1,0,0,0,0,1
574,0,0,1,0,2,0,0,1,0,1,1,1,0,0,0,2,0,0,0,1,0,1,0,1,0,0,2,0,2,1,1,0,2,2,1,0,2,1,0,0,0,2,1,2,0,1,0,0,1,0,0,2,2,0,0,0,2,1,1,1,0,0,0,0,1,1,2,1,1,2,1,1,0,0,1,0,1,1,0,0,0,2,1,2,0,1,2,2,1,2,0,1,2,1,0,2,0,1,1,0,0,0,0,1,1,0,1,0,0,1,1,0,1,0,0,0,2,0,0,2,1,2,1,0,1,1,0,0,1,0,1,0,0,1,0,0,1,0,0,0,0,1,0,2,1,0,1,1,1,2,0,1,1,1,1,2,0,0,0,2,2,0,0,0,0,0,0,1,0,1,0,0,0,0,0,0,1,1,1,0,0,2,1,0,0,0,1,0,2,0,1,0,1,0,0,1,0,0,0,0,0,0,2,0,0,0,0,1,2,1,2,2,0,2,0,0,1,1,1,1,0,0,1,1,1,2,0,1,0,0,2,1,0,0,1,1,1,0,0,0,0,0,1,1,1,0,1,0,1,1,0,0,1,0,1,0,1,1,0,1,0,2,0,1,1,1,1,0,0,0,0,1,0,1,1,1,0,0,1,0,0,1,0,0,1,0,1,1,0,1,0,1,1,2,0,1,2,0,1,1,2,1,1,1,0,0,0,1,0,0,2,0,1,0,0,0,1,0,0,0,0,1,1,0,1,0,2,1,2,2,1,1,2,1,0,0,2,0,0,1,0,1,0,0,1,2,0,2,1,0,0
